jjm_village_id,jjm_village,jjm_district,jjm_block,jjm_panchayat_id,jjm_panchayat,lgd_village_id,lgd_village,shrid2,state_name,district_name,subdistrict_name,town_name,village_name,place_name
145624,Kotgyal,Bidar,Bhalki,60830,Nittur (b),599888,Kotgiyal,11-29-558-05456-600002,karnataka,bidar,aurad,,kotgyal,kotgyal
154772,GUNDLAHALLI,Chikkaballapura,Gudibanda,62603,SOMENAHALLI,926163,GUNDLAHALLY(M),11-29-582-05595-623343,karnataka,chikkaballapura,gauribidanur,,gundlahalli,gundlahalli
664947,NALLARALLAHALLI,Chikkaballapura,Chintamani,299794,MINDIGAL,917236,NALLARALLAHALLI,11-29-582-05599-624067,karnataka,chikkaballapura,sidlaghatta,,nallarallahalli,nallarallahalli
665126,THOKALAHALLI,Chikkaballapura,Sidlaghatta,62703,THIMMANAYAKANAHALLI,624094,Thokalahalli,11-29-582-05595-623309,karnataka,chikkaballapura,gauribidanur,,thokalahalli,thokalahalli
155760,YALAGALAHALLI,Chikkaballapura,Sidlaghatta,62704,DIBBURAHALLI,926194,YALAGALAHALLI,11-29-582-05596-623456,karnataka,chikkaballapura,chikkaballapura,,yalagalahalli,yalagalahalli
170195,Byrapura,Chitradurga,Molakalmuru,65353,Chikkirahalli,605191,Byrapura,11-29-566-05507-605873,karnataka,chitradurga,hosdurga,,byrapura,byrapura
663987,Doddagatta,Chitradurga,Chitradurga,65227,Turuvanur,605501,Doddagatta,11-29-566-05507-605905,karnataka,chitradurga,hosdurga,,doddagatta,doddagatta
589825,Garaga,Chitradurga,Holalkere,65327,SHIVAGANGA,605724,Garaga,11-29-566-05507-605984,karnataka,chitradurga,hosdurga,,garaga,garaga
169566,Halumadenahalli,Chitradurga,Hiriyur,65264,Yelladakere,606150,Haladyamenahalli,11-29-566-05508-606196,karnataka,chitradurga,hiriyur,,halumadenahalli,halumadenahalli
663963,Hosakere,Chitradurga,Hosdurga,65294,Thandaga,927609,HOSAKERE,11-29-566-05508-606104,karnataka,chitradurga,hiriyur,,hosakere,hosakere
152553,Ankanahalli,Hassan,Hassan,62285,Ankapura,616188,Ankanahalli,11-29-574-05556-616126,karnataka,hassan,hassan,,ankanahalli,ankanahalli
151440,Byadarahalli,Hassan,Arsikere,62184,PURALEHALLI,615586,Byadarahalli,11-29-574-05556-616116,karnataka,hassan,hassan,,byadarahalli,byadarahalli
151902,C. Hosahalli,Hassan,Belur,62221,IBBEDU,615309,C.HOSAHALLI,11-29-574-05557-616323,karnataka,hassan,alur,,c hosahalli,c hosahalli
151197,Gollarahalli,Hassan,Arsikere,62165,BELAGUMBA,615748,Gollarahalli,11-29-574-05555-615788,karnataka,hassan,arsikere,,gollarahalli,gollarahalli
152531,Guddenahalli,Hassan,Hassan,62283,Handinakere,616231,Guddenahalli (OG),11-29-574-05555-615835,karnataka,hassan,arsikere,,guddenahalli,guddenahalli
152913,Hirebelaguli,Hassan,Holenarsipur,62327,Kattebelaguli,616812,Hirebelaguli Hantha,11-29-574-05559-616811,karnataka,hassan,hole narsipur,,hirebelaguli,hirebelaguli
151762,Kodihalli,Hassan,Belur,62211,Bichodu,615436,Kodihalli,11-29-574-05554-615283,karnataka,hassan,belur,,kodihalli,kodihalli
150820,Yadiyur,Hassan,Arkalgud,62130,Doddabemmathi,616736,Yadiyur,11-29-574-05556-616053,karnataka,hassan,hassan,,yadiyur,yadiyur
167164,Kunnur,Haveri,Shiggaon,64622,Kunnoor,603884,Gudageri,11-29-564-05489-603886,karnataka,haveri,shiggaon,,kunnur,kunnur
637734,Ramapur,Haveri,Hanagal,299956,Aladakatti,924839,RAMAPUR,11-29-564-05492-604219,karnataka,haveri,haveri,,ramapur,ramapur
153441,HONNAHANAKODU,Kodagu,Somvarpet,62402,Doddamolathe,923949,GEJJEHANAKODU,11-29-576-05567-617902,karnataka,kodagu,somvarpet,,honnahanakodu,honnahanakodu
153530,V Badaga,Kodagu,Virajpet,62435,BITTANGALA,924037,KANDAGALA,11-29-576-05568-618013,karnataka,kodagu,virajpet,,v badaga,v badaga
155147,CHANNIGARAYAPURA,Kolar,Malur,62644,Madivala,622219,Channarayapura,11-29-581-05592-622137,karnataka,kolar,malur,,channigarayapura,channigarayapura
155040,Kurubarahalli,Kolar,Kolar,62630,Doodahasala,622080,Kurubarahalli,11-29-581-05590-621678,karnataka,kolar,srinivaspur,,kurubarahalli,kurubarahalli
155249,UPASAPURA,Kolar,Malur,62652,Nosagere,622436,Upasapura,11-29-581-05593-622569,karnataka,kolar,bangarapet,,upasapura,upasapura
155386,VENKATAPURA,Kolar,Malur,62647,HASANDAHALLI,622357,VENKATAPURA,11-29-581-05591-621859,karnataka,kolar,kolar,,venkatapura,venkatapura
166027,Konapur,Koppal,Kushtagi,64239,Jahagirgudadur,601521,Konapur,11-29-560-05465-601392,karnataka,koppal,kushtagi,,konapur,konapur
157065,Basavanahalli,Mandya,Malvalli,62885,H.basapura,614697,Basavana Halli,11-29-573-05552-614788,karnataka,mandya,malavalli,,basavanahalli,basavanahalli
665310,Halagapura,Mandya,Malvalli,62886,Bydarahalli,614776,Halaganadoddi,11-29-573-05552-614781,karnataka,mandya,malavalli,,halagapura,halagapura
156653,Hemmadahalli,Mandya,Krishnarajpet,62797,Ballekere,926858,HEMMADAHALLY,11-29-573-05546-613495,karnataka,mandya,krishnarajpet,,hemmadahalli,hemmadahalli
157708,Kenchanahalli,Mandya,Pandavapura,62975,T.S.CHATRA,614083,Kanchanahalli,11-29-573-05548-614159,karnataka,mandya,pandavapura,,kenchanahalli,kenchanahalli
157095,N.kodihalli,Mandya,Malvalli,62891,T.k.halli,614762,N.KODIHALLI,11-29-573-05551-614523,karnataka,mandya,maddur,,n kodihalli,n kodihalli
665972,Ragimuddanahalli,Mandya,Pandavapura,62965,Gummanahalli,614127,Moodanahalli,11-29-573-05550-614461,karnataka,mandya,mandya,,ragimuddanahalli,ragimuddanahalli
142980,HOSAGABBADI,RAMANAGARA,Kanakapura,59963,KAGGALAHALLI,626344,Gabbadi,11-29-584-05608-626345,karnataka,ramanagara,kanakapura,,hosagabbadi,hosagabbadi
142962,HOSAHALLI,RAMANAGARA,Kanakapura,59959,Arekattedoddi(Kachuvanahalli),626506,Hosahalli,11-29-584-05608-626400,karnataka,ramanagara,kanakapura,,hosahalli,hosahalli
699918,NAGLAPUR,Raichur,Devadurga,299870,Somanamaradi,600575,NAGLAPUR,11-29-559-05461-600846,karnataka,raichur,raichur,,naglapur,naglapur
164779,Kumbarkop,Uttara Kannada,Haliyal,64035,Gundolli,602756,Kumbarkop,11-29-563-05480-602813,karnataka,uttara kannada,haliyal,,kumbarkop,kumbarkop
164790,Malwadi,Uttara Kannada,Haliyal,64036,CHIBBALGERI`,602799,Malawadi,11-29-563-05480-602869,karnataka,uttara kannada,haliyal,,malwadi,malwadi
589480,SHAKHAPUR,Yadgir,HUNASAGI,62053,Arakera J.,621066,Shakhapur,11-29-580-05587-620923,karnataka,yadgir,shorapur,,shakhapur,shakhapur
