state,jjm_district,jjm_block,jjm_panchayat_id,jjm_panchayat,jjm_village_id,jjm_village,lgd_village_id,lgd_village,district_from_header,source_file,serial_no,shrid2,state_name,district_name,subdistrict_name,town_name,village_name,place_name,shrid_last6
Karnataka,BENGALURU RURAL,Devanhalli,59868,NALLURU,588424,ARISINAKUNTE,938780,ARISHINAKUNTE,BENGALURU RURAL,BENGALURU RURAL.xls,41,,,,,,,,
Karnataka,BENGALURU RURAL,Hoskote,59935,NANDAGUDI,142797,BANAHALLY,625675,Banahalli,BENGALURU RURAL,BENGALURU RURAL.xls,60,,,,,,,,
Karnataka,BENGALURU RURAL,Devanhalli,59881,Bettekote,594614,CHIKKA HOSAHALLI,910262,Chikkahosahalli (D),BENGALURU RURAL,BENGALURU RURAL.xls,166,,,,,,,,
Karnataka,BENGALURU RURAL,Devanhalli,59886,BIJJAVARA,594616,CHIKKAMARALLI,910246,ChikkaMurali,BENGALURU RURAL,BENGALURU RURAL.xls,177,,,,,,,,
Karnataka,BENGALURU RURAL,Dodballapur,59894,DARGAJOGIHALLI,142411,DARGAJOGIHALLI,625247,Dargajogihalli (OG),BENGALURU RURAL,BENGALURU RURAL.xls,211,,,,,,,,
Karnataka,BENGALURU RURAL,Devanhalli,299517,Alooru Duddanahalli,142209,DINNURU,910230,Dinnur,BENGALURU RURAL,BENGALURU RURAL.xls,226,,,,,,,,
Karnataka,BENGALURU RURAL,Devanhalli,59886,BIJJAVARA,142356,G.HOSAHALLY,625320,Gururayana Hosur,BENGALURU RURAL,BENGALURU RURAL.xls,268,,,,,,,,
Karnataka,BENGALURU RURAL,Dodballapur,59903,HULIKUNTE,142491,MUTHUKADAHALLY,625067,Muttugadahalli,BENGALURU RURAL,BENGALURU RURAL.xls,647,,,,,,,,
Karnataka,BENGALURU RURAL,Devanhalli,59882,G.CHOWDAPANAHALLY,142316,NAGENAHALLY,910258,Nagenahalli,BENGALURU RURAL,BENGALURU RURAL.xls,656,,,,,,,,
Karnataka,BENGALURU RURAL,Dodballapur,59899,HANABE,142441,SRINIVASAPURA,625114,Srinivasapura,BENGALURU RURAL,BENGALURU RURAL.xls,771,,,,,,,,
Karnataka,BENGALURU RURAL,Hoskote,59932,Lakkondahalli,142765,VENKATAPURA,625605,Venkatapura,BENGALURU RURAL,BENGALURU RURAL.xls,860,,,,,,,,
Karnataka,Bagalkote,Bilagi,59797,Kollur,664350,Chikkahanchinal Puk,598509,Chinvalkoppa PU.K,Bagalkote,Bagalkote.xls,105,,,,,,,,
Karnataka,Bagalkote,Bilagi,299899,Heggura,141893,Heggur Rc,598506,Heggur,Bagalkote,Bagalkote.xls,214,,,,,,,,
Karnataka,Bagalkote,Bagalkot,59688,Hiregulabal,141504,HIREMURAMATTI,598809,Hiremuramatti,Bagalkote,Bagalkote.xls,232,,,,,,,,
Karnataka,Bagalkote,Bilagi,299899,Heggura,588589,Lingapur Sr Rc,598507,Lingapur.S.R PU.K,Bagalkote,Bagalkote.xls,389,,,,,,,,
Karnataka,Bagalkote,Badami,59767,Mamtageri,141749,Mamatageri,598704,Mamatageri,Bagalkote,Bagalkote.xls,404,,,,,,,,
Karnataka,Ballari,Sandur,0,0,702878,GIRENAHALLI,924424,GIRENAHALLI,Ballari,Ballari.xls,69,,,,,,,,
Karnataka,Ballari,Sandur,299931,H K Halli,665619,Huchenahalli,917702,HUCHCHENAHALLI,Ballari,Ballari.xls,102,,,,,,,,
Karnataka,Ballari,Sandur,60692,Bommagatta,145106,Jodikasanayakanahalli,604980,Jodikasinayakanahalli,Ballari,Ballari.xls,113,,,,,,,,
Karnataka,Belagavi,Athni,60054,Athani (Grameen),143618,Athani Rural,597300,Athani (Rural) (Part),Belagavi,Belagavi.xls,63,,,,,,,,
Karnataka,Belagavi,Belagavi,60138,Benakanhalli,143751,Benakanahalli,597799,Benakanahalli (CT),Belagavi,Belagavi.xls,147,,,,,,,,
Karnataka,Belagavi,Gokak,60244,Suladhala,143954,Budihal,597497,Budihal,Belagavi,Belagavi.xls,204,,,,,,,,
Karnataka,Belagavi,Belagavi,60125,Sulebhavi,143724,Chandur,597756,Chandur,Belagavi,Belagavi.xls,214,,,,,,,,
Karnataka,Belagavi,Athni,60084,Saptasagar,661637,Chikkud,597308,Chikkud,Belagavi,Belagavi.xls,246,,,,,,,,
Karnataka,Belagavi,Belagavi,60141,Dharanatti,661560,Dharanatti,597701,Rangadholi,Belagavi,Belagavi.xls,289,,,,,,,,
Karnataka,Belagavi,Savadathi,60415,Yakkundi,144410,Dhupadal,598228,Dhupdal,Belagavi,Belagavi.xls,296,,,,,,,,
Karnataka,Belagavi,Bylahongal,60501,Chikkabagewadi,144609,Gaddikaravinakoppa,598062,Gaddikurvinkoppa,Belagavi,Belagavi.xls,316,,,,,,,,
Karnataka,Belagavi,Belagavi,60116,Kangrali B.K,143707,Gaundawad,597691,Goundawad (Part),Belagavi,Belagavi.xls,332,,,,,,,,
Karnataka,Belagavi,Belagavi,60137,K. K. Koppa,143750,Halgimardi,939170,SU HALAGIMARDI,Belagavi,Belagavi.xls,409,,,,,,,,
Karnataka,Belagavi,Chikodi,60196,Karagaon,143839,Hanchinal K.k.,597236,Hanchinal (K.K.),Belagavi,Belagavi.xls,424,,,,,,,,
Karnataka,Belagavi,Khanapur,60349,Amate,144201,Hebbanatti,597819,Habbanatti,Belagavi,Belagavi.xls,448,,,,,,,,
Karnataka,Belagavi,Raybag,60438,Hidkal,144446,Hidkal,597617,Hidakal,Belagavi,Belagavi.xls,451,,,,,,,,
Karnataka,Belagavi,Belagavi,60097,Aralikatti,143664,Hulikatti,597778,Hulikatti,Belagavi,Belagavi.xls,504,,,,,,,,
Karnataka,Belagavi,Hukeri,60305,Hosur,664341,Hunnur,939177,HONNUR,Belagavi,Belagavi.xls,513,,,,,,,,
Karnataka,Belagavi,Belagavi,60117,Kakti,143709,Kakati,597792,Kakati (CT),Belagavi,Belagavi.xls,584,,,,,,,,
Karnataka,Belagavi,Bylahongal,60499,Maradinagalapur,144601,Kallur,598064,Kallur,Belagavi,Belagavi.xls,597,,,,,,,,
Karnataka,Belagavi,Belagavi,60126,Tarihal,143726,Kolikoppa,597777,Kolikopp,Belagavi,Belagavi.xls,704,,,,,,,,
Karnataka,Belagavi,MUDALAGI,60270,Sunadholi,662242,LAXMESHWAR,597494,Lagameshwar,Belagavi,Belagavi.xls,751,,,,,,,,
Karnataka,Belagavi,Hukeri,60294,Naganur K D,664305,Majati,923726,MAJATI,Belagavi,Belagavi.xls,776,,,,,,,,
Karnataka,Belagavi,Hukeri,60294,Naganur K D,664307,Managoan,923727,MANAGOAN,Belagavi,Belagavi.xls,793,,,,,,,,
Karnataka,Belagavi,Bylahongal,60491,Sutagatti,144580,Mattikoppa,598039,Mattikoppa,Belagavi,Belagavi.xls,834,,,,,,,,
Karnataka,Belagavi,Khanapur,60350,Bailur,144205,Morab,597822,Morab,Belagavi,Belagavi.xls,856,,,,,,,,
Karnataka,Belagavi,Gokak,60247,Nandagaon,662240,Mutnal,597437,Mutnal,Belagavi,Belagavi.xls,880,,,,,,,,
Karnataka,Belagavi,Hukeri,60320,Mavanur,664359,Parakanatti,923725,PARAKANATTI,Belagavi,Belagavi.xls,952,,,,,,,,
Karnataka,Belagavi,Belagavi,60114,Piranawadi,143704,Piranawadi,597800,Peeranwadi (CT),Belagavi,Belagavi.xls,965,,,,,,,,
Karnataka,Belagavi,Belagavi,60143,Nilaji,143767,Shindolli,597766,Shindoli (Part),Belagavi,Belagavi.xls,1045,,,,,,,,
Karnataka,Belagavi,Hukeri,60308,Sulthanaput,144058,Sultanpur,597607,Sultanpur,Belagavi,Belagavi.xls,1100,,,,,,,,
Karnataka,Belagavi,Ramdurg,60470,Turanur,144521,Turanur,598376,Turanur (Part),Belagavi,Belagavi.xls,1154,,,,,,,,
Karnataka,Belagavi,Hukeri,60294,Naganur K D,664306,Wadishidlihal,923728,WADISHIDLIHAL,Belagavi,Belagavi.xls,1185,,,,,,,,
Karnataka,Belagavi,Savadathi,60415,Yakkundi,144408,Yakkundi,598229,Yakkundi,Belagavi,Belagavi.xls,1206,,,,,,,,
Karnataka,Bengaluru Urban,YELAHANKA,61391,Bandikodagehalli,148215,B K PALYA,938495,Arebinnamangala,Bengaluru Urban,Bengaluru Urban.xls,30,,,,,,,,
Karnataka,Bengaluru Urban,Bengaluru East,61437,Kannuru,665183,Bande Hosur,938226,AMANI BAIRATIKHANE,Bengaluru Urban,Bengaluru Urban.xls,43,,,,,,,,
Karnataka,Bengaluru Urban,Bengaluru South,61419,Ramohalli,693546,BHEEMANAKUPPE RAMASAGARA,613014,BHEEMANAKUPPE RAMASAGARA,Bengaluru Urban,Bengaluru Urban.xls,58,,,,,,,,
Karnataka,Bengaluru Urban,Bengaluru South,61416,Agara,665556,Byrasandra,924146,BYRASANDRA,Bengaluru Urban,Bengaluru Urban.xls,84,,,,,,,,
Karnataka,Bengaluru Urban,Bengaluru South,299653,Channenahalli,665221,Channadasipalya,938427,ARAKERE,Bengaluru Urban,Bengaluru Urban.xls,94,,,,,,,,
Karnataka,Bengaluru Urban,Bengaluru East,61437,Kannuru,148441,Chikka Gubbi,613125,Chikkagubbi (OG),Bengaluru Urban,Bengaluru Urban.xls,99,,,,,,,,
Karnataka,Bengaluru Urban,Bengaluru North,299657,Kachohalli,665302,Chikkagollarahatti,938346,BAGALAGUNTE,Bengaluru Urban,Bengaluru Urban.xls,105,,,,,,,,
Karnataka,Bengaluru Urban,Bengaluru North,61368,Kodigehalli,665469,Chikkakodige Halli,939476,VYYALIKAVAL,Bengaluru Urban,Bengaluru Urban.xls,108,,,,,,,,
Karnataka,Bengaluru Urban,Bengaluru South,61417,K.Gollahalli,148335,Devegere,939479,AGARA (BEGUR HOBLI),Bengaluru Urban,Bengaluru Urban.xls,135,,,,,,,,
Karnataka,Bengaluru Urban,Bengaluru South,61401,Doddathoguru,148268,Dodda Thogur,938419,CHIKKATOGURU,Bengaluru Urban,Bengaluru Urban.xls,142,,,,,,,,
Karnataka,Bengaluru Urban,Bengaluru East,61438,Doddagubbi,148451,Doddagubbi,613126,Doddagubbi (OG),Bengaluru Urban,Bengaluru Urban.xls,145,,,,,,,,
Karnataka,Bengaluru Urban,Bengaluru North,61373,Huskuru,665288,Doddapalya,939406,AGRAHARA THIMMASANDRA,Bengaluru Urban,Bengaluru Urban.xls,149,,,,,,,,
Karnataka,Bengaluru Urban,Bengaluru North,61368,Kodigehalli,665474,Gangadipura,938343,VISHVANATHA NAGENAHALLI,Bengaluru Urban,Bengaluru Urban.xls,160,,,,,,,,
Karnataka,Bengaluru Urban,Anekal,61343,Kallubalu,147905,Giddenahalli,613286,Giddenahalli,Bengaluru Urban,Bengaluru Urban.xls,169,,,,,,,,
Karnataka,Bengaluru Urban,Bengaluru South,61442,Chikkanahalli,665865,Gollahalli,924158,GOLLAHALLI,Bengaluru Urban,Bengaluru Urban.xls,172,,,,,,,,
Karnataka,Bengaluru Urban,Bengaluru South,61441,Chunchanakuppe,665578,Gopalanagara,939488,MARENAHALLI ( UTTARAHALLI HOBLI),Bengaluru Urban,Bengaluru Urban.xls,177,,,,,,,,
Karnataka,Bengaluru Urban,YELAHANKA,61392,Marenahalli,148227,GOPALPURA,938533,CHIKKABOMMASANDRA,Bengaluru Urban,Bengaluru Urban.xls,179,,,,,,,,
Karnataka,Bengaluru Urban,Bengaluru South,61403,Konappana Agrahara,148280,Govindashettipalya,938477,AVALAHALLI,Bengaluru Urban,Bengaluru Urban.xls,184,,,,,,,,
Karnataka,Bengaluru Urban,Bengaluru South,61441,Chunchanakuppe,148483,Gururayanapura,939493,SONNENAHALLI (KOTLU K.G),Bengaluru Urban,Bengaluru Urban.xls,195,,,,,,,,
Karnataka,Bengaluru Urban,Bengaluru South,259828,H. Gollahalli,148320,H. Gollahalli,938480,HOSAKEREHALLI,Bengaluru Urban,Bengaluru Urban.xls,196,,,,,,,,
Karnataka,Bengaluru Urban,Anekal,61345,Hennagara,147915,Hennagara Amanikere,613179,Hennagara Amanikere,Bengaluru Urban,Bengaluru Urban.xls,216,,,,,,,,
Karnataka,Bengaluru Urban,YELAHANKA,299660,Sathanooru,700197,HOSAHALLI,612909,HOSAHALLI,Bengaluru Urban,Bengaluru Urban.xls,230,,,,,,,,
Karnataka,Bengaluru Urban,Bengaluru South,61418,Kumbalagodu,665269,Hosapalya,938458,CHUNCHAGHATTA,Bengaluru Urban,Bengaluru Urban.xls,233,,,,,,,,
Karnataka,Bengaluru Urban,YELAHANKA,61391,Bandikodagehalli,665254,KADAYARAPPANAHALLI,612918,Bandikodegehalli Amanikere,Bengaluru Urban,Bengaluru Urban.xls,274,,,,,,,,
Karnataka,Bengaluru Urban,Bengaluru North,61368,Kodigehalli,665471,Kannahalli Hosahalli,939475,ULLALU K.G,Bengaluru Urban,Bengaluru Urban.xls,292,,,,,,,,
Karnataka,Bengaluru Urban,Bengaluru East,61437,Kannuru,148442,Kannur,613124,Kannur (OG),Bengaluru Urban,Bengaluru Urban.xls,295,,,,,,,,
Karnataka,Bengaluru Urban,Bengaluru South,61441,Chunchanakuppe,665567,Karekalpalya,938424,NAGANATHAPURA,Bengaluru Urban,Bengaluru Urban.xls,296,,,,,,,,
Karnataka,Bengaluru Urban,Bengaluru North,61368,Kodigehalli,697341,KODIGEHALLI,612822,KODIGEHALLI,Bengaluru Urban,Bengaluru Urban.xls,318,,,,,,,,
Karnataka,Bengaluru Urban,Bengaluru North,61368,Kodigehalli,148062,Kodigehalli,612822,KODIGEHALLI,Bengaluru Urban,Bengaluru Urban.xls,319,,,,,,,,
Karnataka,Bengaluru Urban,Bengaluru North,61368,Kodigehalli,665470,Kodigehalli Harijana Colony,612821,Thirumalapura,Bengaluru Urban,Bengaluru Urban.xls,320,,,,,,,,
Karnataka,Bengaluru Urban,Bengaluru South,61418,Kumbalagodu,703119,KUMBALAGODU,613062,KUMBALAGODU,Bengaluru Urban,Bengaluru Urban.xls,342,,,,,,,,
Karnataka,Bengaluru Urban,Bengaluru South,61441,Chunchanakuppe,665539,Lakshmipura,938467,RAGHAVANAPALYA,Bengaluru Urban,Bengaluru Urban.xls,353,,,,,,,,
Karnataka,Bengaluru Urban,YELAHANKA,61388,KASAGATTAPURA,700202,LINGARAJASAGARA,612874,LINGARAJASAGARA,Bengaluru Urban,Bengaluru Urban.xls,358,,,,,,,,
Karnataka,Bengaluru Urban,Bengaluru North,273464,Kadabagere,665311,Mahimmannanapalya,939417,BOGENAHALLI,Bengaluru Urban,Bengaluru Urban.xls,372,,,,,,,,
Karnataka,Bengaluru Urban,Anekal,61337,Vanakanahalli,147863,Menaseganahalli,939404,BAHDURPURA,Bengaluru Urban,Bengaluru Urban.xls,407,,,,,,,,
Karnataka,Bengaluru Urban,Bengaluru South,61440,Choolanayakanahalli,665502,Metipalya,938487,VASANTAPURA,Bengaluru Urban,Bengaluru Urban.xls,408,,,,,,,,
Karnataka,Bengaluru Urban,Bengaluru South,259828,H. Gollahalli,665639,Nagegowdanapalya,939480,DASARAHALLI,Bengaluru Urban,Bengaluru Urban.xls,428,,,,,,,,
Karnataka,Bengaluru Urban,Bengaluru North,61377,Sondekoppa,665392,Parvathaiahana Palya,939411,BANGALORE,Bengaluru Urban,Bengaluru Urban.xls,448,,,,,,,,
Karnataka,Bengaluru Urban,Bengaluru South,61412,Kagglipura,665227,Pattareddipalya,938489,BIKASHIPURA,Bengaluru Urban,Bengaluru Urban.xls,450,,,,,,,,
Karnataka,Bengaluru Urban,Bengaluru North,61377,Sondekoppa,665380,Pitaganapalya,939414,BARAGI MUDDENAHALLI,Bengaluru Urban,Bengaluru Urban.xls,453,,,,,,,,
Karnataka,Bengaluru Urban,Bengaluru South,299653,Channenahalli,665199,Puttaiahnapalya,938417,BERATENA AGRAHARA,Bengaluru Urban,Bengaluru Urban.xls,457,,,,,,,,
Karnataka,Bengaluru Urban,Bengaluru North,61374,Alur,665211,Pylvanarapalya,939407,AKKITHIMMANAHALLI,Bengaluru Urban,Bengaluru Urban.xls,458,,,,,,,,
Karnataka,Bengaluru Urban,YELAHANKA,61393,BAGALUR,665209,RAJAKSABPALYA,938541,AMRUTAHALLI,Bengaluru Urban,Bengaluru Urban.xls,463,,,,,,,,
Karnataka,Bengaluru Urban,Bengaluru South,61420,Sulikere,148353,Ramasandra,613064,BASAVANAPURA,Bengaluru Urban,Bengaluru Urban.xls,471,,,,,,,,
Karnataka,Bengaluru Urban,Bengaluru South,61412,Kagglipura,665230,Saalu Hunase,938430,BILEKAHALLI,Bengaluru Urban,Bengaluru Urban.xls,481,,,,,,,,
Karnataka,Bengaluru Urban,Anekal,61344,Hulimangala,665581,Shikaripalya,938194,KUDLU,Bengaluru Urban,Bengaluru Urban.xls,504,,,,,,,,
Karnataka,Bengaluru Urban,Bengaluru South,61441,Chunchanakuppe,148479,Subbarayappanapalya,938444,VALAGERAHALLI,Bengaluru Urban,Bengaluru Urban.xls,526,,,,,,,,
Karnataka,Bengaluru Urban,Bengaluru South,61416,Agara,665565,Vaderahalli,924154,VADEERA HALLI,Bengaluru Urban,Bengaluru Urban.xls,568,,,,,,,,
Karnataka,Bengaluru Urban,Bengaluru South,299654,Nelaguli,665285,Veerasandra,938478,CHANNASANDRA,Bengaluru Urban,Bengaluru Urban.xls,578,,,,,,,,
Karnataka,Bengaluru Urban,YELAHANKA,61391,Bandikodagehalli,665249,YADIYOORU,925868,YADIYOORU,Bengaluru Urban,Bengaluru Urban.xls,584,,,,,,,,
Karnataka,Bidar,Bidar,60862,Aliabad (j),693388,ALIABAD (J),600256,ALIABAD (J),Bidar,Bidar.xls,5,,,,,,,,
Karnataka,Bidar,Bidar,60864,Yerrnalli,145757,Bompalli,600124,Bompalli,Bidar,Bidar.xls,83,,,,,,,,
Karnataka,Bidar,Bidar,60861,Kolar (k),588457,Hajjargi,923711,HAJJARAGI,Bidar,Bidar.xls,187,,,,,,,,
Karnataka,Bidar,Humnabad,60902,Hallikhed (k),664831,Hallikhed(k) Wadi,923715,HALLIKHED(K) WADI,Bidar,Bidar.xls,198,,,,,,,,
Karnataka,Bidar,Basavakalyan,60788,GUNDUR,664875,JAFARWADI,923683,JAFFARWADI,Bidar,Bidar.xls,245,,,,,,,,
Karnataka,Bidar,Bhalki,60838,Shivani,665016,Kasartugaon Wadi,599860,Kasara Tugaon Wadi,Bidar,Bidar.xls,298,,,,,,,,
Karnataka,Bidar,Bhalki,60830,Nittur (b),145624,Kotgyal,599888,Kotgiyal,Bidar,Bidar.xls,337,,,,,,,,
Karnataka,Bidar,Bhalki,60836,Methi Melkunda,595076,Methi Melkunda Wadi,599875,Methimelkunda Wadi,Bidar,Bidar.xls,400,,,,,,,,
Karnataka,Bidar,Chittaguppa,60872,BEMALKHEDA,693389,VITHALPUR,925916,VITHALPUR,Bidar,Bidar.xls,571,,,,,,,,
Karnataka,CHAMARAJANAGARA,Chamarajanagar,65066,UDIGALA,693319,CIKKEMPIHUNDI,924932,CIKKEMPIHUNDI,CHAMARAJANAGARA,CHAMARAJANAGARA.xls,98,,,,,,,,
Karnataka,CHAMARAJANAGARA,Gundlupet,65131,AGATHAGOWDANAHALLI,652731,DHADADHAHALLI,917623,Dhadadhahalli,CHAMARAJANAGARA,CHAMARAJANAGARA.xls,111,,,,,,,,
Karnataka,CHAMARAJANAGARA,Chamarajanagar,65091,Kudluru,168753,DODDARAYAPET,924892,DODDARAYAPETE,CHAMARAJANAGARA,CHAMARAJANAGARA.xls,117,,,,,,,,
Karnataka,CHAMARAJANAGARA,Gundlupet,65126,Kannegala,664576,GOPALAPURA,924967,GOPAALAPURA,CHAMARAJANAGARA,CHAMARAJANAGARA.xls,130,,,,,,,,
Karnataka,CHAMARAJANAGARA,Chamarajanagar,299760,GOVINDAVADI,665650,HALEPURA,917361,HALEPURA,CHAMARAJANAGARA,CHAMARAJANAGARA.xls,141,,,,,,,,
Karnataka,CHAMARAJANAGARA,Gundlupet,65127,KOTEKERE,168910,HONAKANAPURA,619452,Bhogganapura,CHAMARAJANAGARA,CHAMARAJANAGARA.xls,163,,,,,,,,
Karnataka,CHAMARAJANAGARA,Chamarajanagar,65088,MANGALA,697273,HULLEPURA,924903,HULLEPURA,CHAMARAJANAGARA,CHAMARAJANAGARA.xls,177,,,,,,,,
Karnataka,CHAMARAJANAGARA,Gundlupet,65107,KODASOGE,168817,K.K HUNDI,924977,KADTALKATTIHUNDI,CHAMARAJANAGARA,CHAMARAJANAGARA.xls,192,,,,,,,,
Karnataka,CHAMARAJANAGARA,Gundlupet,65134,BEGUR,664565,KALANAHUNDI,926061,KAALANAHUNDY,CHAMARAJANAGARA,CHAMARAJANAGARA.xls,199,,,,,,,,
Karnataka,CHAMARAJANAGARA,Gundlupet,65127,KOTEKERE,168912,KURUBARAHUNDI,924985,KURUBARA HUNDI,CHAMARAJANAGARA,CHAMARAJANAGARA.xls,256,,,,,,,,
Karnataka,CHAMARAJANAGARA,Gundlupet,65110,Kelasur,168835,MALLAMMANAHUNDI,924974,MALLAMMANA HUNDI,CHAMARAJANAGARA,CHAMARAJANAGARA.xls,276,,,,,,,,
Karnataka,CHAMARAJANAGARA,Hanuru,65148,PONNACHI,168992,PONNACHI,619885,Ponnachi,CHAMARAJANAGARA,CHAMARAJANAGARA.xls,318,,,,,,,,
Karnataka,CHAMARAJANAGARA,Gundlupet,65108,NITRE,168826,RANGANATHAPURA,925001,RANGANATHAPURA,CHAMARAJANAGARA,CHAMARAJANAGARA.xls,325,,,,,,,,
Karnataka,CHAMARAJANAGARA,Chamarajanagar,65080,PUNAJANURU,693318,RANGASANDRA,924919,RANGASANDRA,CHAMARAJANAGARA,CHAMARAJANAGARA.xls,326,,,,,,,,
Karnataka,CHAMARAJANAGARA,Gundlupet,65130,HOREYALA,636936,RANGUPURA,924963,RANGUPURA,CHAMARAJANAGARA,CHAMARAJANAGARA.xls,327,,,,,,,,
Karnataka,CHAMARAJANAGARA,Chamarajanagar,65075,ALUR,702834,SARAGURMOLE,924546,SARAGURMOLE,CHAMARAJANAGARA,CHAMARAJANAGARA.xls,334,,,,,,,,
Karnataka,CHAMARAJANAGARA,Chamarajanagar,65088,MANGALA,702835,YDIYOORU,924901,YDIYOORU,CHAMARAJANAGARA,CHAMARAJANAGARA.xls,398,,,,,,,,
Karnataka,CHIKKAMAGALURU,Kadur,61191,Devanur,596546,BANANAHALLI,609618,Devanurkaval,CHIKKAMAGALURU,CHIKKAMAGALURU.xls,86,,,,,,,,
Karnataka,CHIKKAMAGALURU,Mudigere,61317,TRIPURA,147737,BARIMALE ESTATE,609937,Barimale Estate,CHIKKAMAGALURU,CHIKKAMAGALURU.xls,100,,,,,,,,
Karnataka,CHIKKAMAGALURU,Tarikere,61291,MUDUGODU,147620,BASAVANAHLLI,609153,BASAVANAHALLY,CHIKKAMAGALURU,CHIKKAMAGALURU.xls,104,,,,,,,,
Karnataka,CHIKKAMAGALURU,Kadur,61183,BASUR,146901,BASURU KAVAL,609409,Basurukaval,CHIKKAMAGALURU,CHIKKAMAGALURU.xls,108,,,,,,,,
Karnataka,CHIKKAMAGALURU,Tarikere,61285,KORANAHALLI,147594,BELI BASAVANAHALLI,609211,Belibasavanahalli,CHIKKAMAGALURU,CHIKKAMAGALURU.xls,122,,,,,,,,
Karnataka,CHIKKAMAGALURU,AJJAMPURA,61262,BAGGAVALLI,147458,CHANNAPURA,609160,Channapura,CHIKKAMAGALURU,CHIKKAMAGALURU.xls,188,,,,,,,,
Karnataka,CHIKKAMAGALURU,AJJAMPURA,61270,CHEERANAHALLI,147515,CHEERANAHALLI,609270,Cheernanahalli Kaval,CHIKKAMAGALURU,CHIKKAMAGALURU.xls,196,,,,,,,,
Karnataka,CHIKKAMAGALURU,Chikkamagaluru,61132,KALASAPURA,146654,CHIKKA KALASAPURA,609794,Chikkakalasapura,CHIKKAMAGALURU,CHIKKAMAGALURU.xls,197,,,,,,,,
Karnataka,CHIKKAMAGALURU,AJJAMPURA,61272,DODDABOKIKERE,147535,GOLLARAHALLI,609202,Gollarahalli,CHIKKAMAGALURU,CHIKKAMAGALURU.xls,298,,,,,,,,
Karnataka,CHIKKAMAGALURU,Narasimharajapura,61253,Honnekudige ( Hanthuvine),147430,HEBBE,609074,Hebbe,CHIKKAMAGALURU,CHIKKAMAGALURU.xls,387,,,,,,,,
Karnataka,CHIKKAMAGALURU,Chikkamagaluru,61119,DASARAHALLI,665766,HOSAHALLI,609791,HOSAHALLY,CHIKKAMAGALURU,CHIKKAMAGALURU.xls,437,,,,,,,,
Karnataka,CHIKKAMAGALURU,Kadur,61209,MALLESHWARA,596553,JAMMAPURA (M.KODIHALLI),609437,Jammapura,CHIKKAMAGALURU,CHIKKAMAGALURU.xls,475,,,,,,,,
Karnataka,CHIKKAMAGALURU,Kadur,61234,KADURHALLI,596550,KACHAPURA,609508,Kachapura,CHIKKAMAGALURU,CHIKKAMAGALURU.xls,498,,,,,,,,
Karnataka,CHIKKAMAGALURU,Kadur,61190,CHEELANAHALLI,146955,KURUBARAHALLI,609503,Kurubarahalli,CHIKKAMAGALURU,CHIKKAMAGALURU.xls,640,,,,,,,,
Karnataka,CHIKKAMAGALURU,AJJAMPURA,61268,Bukkambudi,147498,MAKANAHALLI,609245,Makanahalli,CHIKKAMAGALURU,CHIKKAMAGALURU.xls,684,,,,,,,,
Karnataka,CHIKKAMAGALURU,Tarikere,61276,GULLADAMANE,664450,MALLIGENAHALLI,939544,THYAGADHA BHAGI FOREST,CHIKKAMAGALURU,CHIKKAMAGALURU.xls,704,,,,,,,,
Karnataka,CHIKKAMAGALURU,Kadur,61220,S.Bidre,700122,S. BIDARE,609662,S. BIDARE,CHIKKAMAGALURU,CHIKKAMAGALURU.xls,830,,,,,,,,
Karnataka,CHIKKAMAGALURU,Kadur,61192,EMMEDODDI,665727,SHAKUNIPURA,609383,Shankunipura,CHIKKAMAGALURU,CHIKKAMAGALURU.xls,861,,,,,,,,
Karnataka,CHIKKAMAGALURU,Tarikere,61297,SIDDARAHALLI,147649,SIDDARAHALLI,609223,Siddarahalli,CHIKKAMAGALURU,CHIKKAMAGALURU.xls,881,,,,,,,,
Karnataka,CHIKKAMAGALURU,Kadur,0,0,596556,SIDDEGOWDANA KOPPALU,609531,Angajanahalli,CHIKKAMAGALURU,CHIKKAMAGALURU.xls,883,,,,,,,,
Karnataka,CHIKKAMAGALURU,Kadur,300292,HARALAGATTA,664465,SRIRAMPURA,917153,SRIRAMPURA,CHIKKAMAGALURU,CHIKKAMAGALURU.xls,904,,,,,,,,
Karnataka,CHIKKAMAGALURU,Kadur,61188,Chikkadevanur,146938,THIPPAGONDANAHALLI,609482,Thippagondanahalli,CHIKKAMAGALURU,CHIKKAMAGALURU.xls,936,,,,,,,,
Karnataka,CHIKKAMAGALURU,Kadur,61183,BASUR,697144,V. SIDDARAHALLI,609647,V. SIDDARAHALLI,CHIKKAMAGALURU,CHIKKAMAGALURU.xls,965,,,,,,,,
Karnataka,CHIKKAMAGALURU,Kadur,61199,HULLEHALLI,147037,YAREHALLY,609374,YAREHALLY,CHIKKAMAGALURU,CHIKKAMAGALURU.xls,998,,,,,,,,
Karnataka,Chikkaballapura,Gudibanda,62600,BEECHAGANAHALLY,154725,BALENAHALLI,926148,BALENAHALLY(M),Chikkaballapura,Chikkaballapura.xls,86,,,,,,,,
Karnataka,Chikkaballapura,Chintamani,62536,Kurubur,154236,BANDARLAHALLY,624451,Bandarlahalli,Chikkaballapura,Chikkaballapura.xls,96,,,,,,,,
Karnataka,Chikkaballapura,Chintamani,62557,BURUDAGUNTE,664874,BATTALAPURA,624317,Kakarlachinte,Chikkaballapura,Chikkaballapura.xls,116,,,,,,,,
Karnataka,Chikkaballapura,Gudibanda,62602,Varlakonda,664505,BHATHALAHALLY,926178,BHATHALAHALLY(M),Chikkaballapura,Chikkaballapura.xls,134,,,,,,,,
Karnataka,Chikkaballapura,Chintamani,62532,Upparapet,665043,BINGANAHALLI,925621,BINGANAHALLI,Chikkaballapura,Chikkaballapura.xls,142,,,,,,,,
Karnataka,Chikkaballapura,Sidlaghatta,62719,GANJIGUNTE,155890,BRAHMANARAHALLY,926195,BRAMHANARAHALLI,Chikkaballapura,Chikkaballapura.xls,173,,,,,,,,
Karnataka,Chikkaballapura,Sidlaghatta,299797,Talakayalabetta,155748,BUDUGAVARAHALLI,917253,BUDAGAVARAHALLI,Chikkaballapura,Chikkaballapura.xls,176,,,,,,,,
Karnataka,Chikkaballapura,Chikballapur,62522,Nandi,154100,BYARANAYAKANAHALLI,939386,BAIRANAYAKANAHALLI.,Chikkaballapura,Chikkaballapura.xls,188,,,,,,,,
Karnataka,Chikkaballapura,Sidlaghatta,62704,DIBBURAHALLI,155756,CHANDAGANAHALLI,925947,CHANDAGANAHALLI,Chikkaballapura,Chikkaballapura.xls,205,,,,,,,,
Karnataka,Chikkaballapura,Gauribidanur,62563,Chikkakurugodu,665620,CHANNABYRENAHALLY,623386,Chennabyrenahalli,Chikkaballapura,Chikkaballapura.xls,209,,,,,,,,
Karnataka,Chikkaballapura,Chintamani,62532,Upparapet,665045,CHIKKAKONDRAHALLI,925623,CHIKKAKONDRAHALLI,Chikkaballapura,Chikkaballapura.xls,239,,,,,,,,
Karnataka,Chikkaballapura,Gauribidanur,62589,MELYA,664989,CHITTAVALAHALLI,925729,CHITTAVALAHALLY,Chikkaballapura,Chikkaballapura.xls,267,,,,,,,,
Karnataka,Chikkaballapura,Gauribidanur,62565,D.PALYA,594771,DASARENAHALLY,623360,Dasarahalli,Chikkaballapura,Chikkaballapura.xls,290,,,,,,,,
Karnataka,Chikkaballapura,Sidlaghatta,299797,Talakayalabetta,664966,DASARLAHALLI,926203,DASARLAHALLI,Chikkaballapura,Chikkaballapura.xls,291,,,,,,,,
Karnataka,Chikkaballapura,Gauribidanur,62573,HALEHALLY,664995,DEVARAKODAHHALLI,925692,DEVARAKONDAHALLY,Chikkaballapura,Chikkaballapura.xls,301,,,,,,,,
Karnataka,Chikkaballapura,Chintamani,62529,PEDDUR,664984,DIGAVAKOTE,925610,DIGAVAKOTE,Chikkaballapura,Chikkaballapura.xls,328,,,,,,,,
Karnataka,Chikkaballapura,Gauribidanur,62589,MELYA,665003,DINNEHUNASENAHALLI,925730,DINNEHUNASENAHALLY,Chikkaballapura,Chikkaballapura.xls,334,,,,,,,,
Karnataka,Chikkaballapura,Gudibanda,62600,BEECHAGANAHALLY,154721,GANDAMNAGENAHAIIY,926149,GANDAMNAGENAHALLY(M),Chikkaballapura,Chikkaballapura.xls,378,,,,,,,,
Karnataka,Chikkaballapura,Gudibanda,62606,HAMPASANDRA,664513,GARUDACHARLAHALLY,925928,GARUDACHARLAHALLY,Chikkaballapura,Chikkaballapura.xls,390,,,,,,,,
Karnataka,Chikkaballapura,Gudibanda,62603,SOMENAHALLI,154772,GUNDLAHALLI,926163,GUNDLAHALLY(M),Chikkaballapura,Chikkaballapura.xls,446,,,,,,,,
Karnataka,Chikkaballapura,Chintamani,62561,Yagavakote,154485,GUNTHUR GADDE,624453,Gurralagadde,Chikkaballapura,Chikkaballapura.xls,453,,,,,,,,
Karnataka,Chikkaballapura,Chikballapur,62520,AGALAGURKI,154090,JADALATHIMMANAHALLY,623550,Jadalathimmanahalli,Chikkaballapura,Chikkaballapura.xls,543,,,,,,,,
Karnataka,Chikkaballapura,Gauribidanur,62589,MELYA,665036,JAGAREDDYHALLI,925731,JAGAREDDTHALLY,Chikkaballapura,Chikkaballapura.xls,545,,,,,,,,
Karnataka,Chikkaballapura,Gauribidanur,62577,JARABANDANAHALLY,154563,JARABANDANAHALLY,623238,Jarabandahalli,Chikkaballapura,Chikkaballapura.xls,555,,,,,,,,
Karnataka,Chikkaballapura,Gauribidanur,62573,HALEHALLY,665044,KADACHIKKANAHALLI,925694,KADACHIKKANAHALLY,Chikkaballapura,Chikkaballapura.xls,588,,,,,,,,
Karnataka,Chikkaballapura,Gauribidanur,62587,Bevinahalli,154629,KAMBALAHALLY,925646,KAMBALAHALLY,Chikkaballapura,Chikkaballapura.xls,623,,,,,,,,
Karnataka,Chikkaballapura,Gudibanda,62606,HAMPASANDRA,154829,MACHAHALLI,926155,MACHAHALLY(M),Chikkaballapura,Chikkaballapura.xls,773,,,,,,,,
Karnataka,Chikkaballapura,Gudibanda,62603,SOMENAHALLI,154778,MADDAREDDIHALLI,926211,MADDAREDDYHALLI(M),Chikkaballapura,Chikkaballapura.xls,783,,,,,,,,
Karnataka,Chikkaballapura,Gauribidanur,62586,B.BOMMASANDRA,665075,MIDDILU,925641,MIDDILU,Chikkaballapura,Chikkaballapura.xls,840,,,,,,,,
Karnataka,Chikkaballapura,Gudibanda,62601,Tirumani,154743,MINCHANAHALLI,926171,MINCHANAHALLY (M),Chikkaballapura,Chikkaballapura.xls,843,,,,,,,,
Karnataka,Chikkaballapura,Chintamani,62533,Batlahalli,664864,MUSTURUPATNA,926136,MUSTURUPATNA,Chikkaballapura,Chikkaballapura.xls,872,,,,,,,,
Karnataka,Chikkaballapura,Chintamani,62537,Raguttahalli,154246,NALLAGUTLAHALLY,624454,Nallaguttahalli,Chikkaballapura,Chikkaballapura.xls,906,,,,,,,,
Karnataka,Chikkaballapura,Chintamani,299794,MINDIGAL,664947,NALLARALLAHALLI,917236,NALLARALLAHALLI,Chikkaballapura,Chikkaballapura.xls,916,,,,,,,,
Karnataka,Chikkaballapura,Chintamani,62561,Yagavakote,154489,PULAGUNDLAHALLY,624404,Billagundlapalli,Chikkaballapura,Chikkaballapura.xls,1009,,,,,,,,
Karnataka,Chikkaballapura,Chintamani,62533,Batlahalli,664865,RAGIMAKALAHALLY,926137,RAGIMAKALAHALLY,Chikkaballapura,Chikkaballapura.xls,1028,,,,,,,,
Karnataka,Chikkaballapura,Gudibanda,62602,Varlakonda,664535,THEELAKUNTAHALLY,926181,THEELAKUNTAHALLY(M),Chikkaballapura,Chikkaballapura.xls,1162,,,,,,,,
Karnataka,Chikkaballapura,Chintamani,62549,KOTAGAL,154358,THIPPANAHALLY,624559,Thippenahalli,Chikkaballapura,Chikkaballapura.xls,1173,,,,,,,,
Karnataka,Chikkaballapura,Sidlaghatta,62703,THIMMANAYAKANAHALLI,665126,THOKALAHALLI,624094,Thokalahalli,Chikkaballapura,Chikkaballapura.xls,1178,,,,,,,,
Karnataka,Chikkaballapura,Sidlaghatta,62720,Basettyhalli,665134,VANTURU,926191,VANTURU,Chikkaballapura,Chikkaballapura.xls,1213,,,,,,,,
Karnataka,Chikkaballapura,Sidlaghatta,62704,DIBBURAHALLI,155760,YALAGALAHALLI,926194,YALAGALAHALLI,Chikkaballapura,Chikkaballapura.xls,1246,,,,,,,,
Karnataka,Chitradurga,Chitradurga,65238,Kalagere,663933,Ajadnagara,927373,AJADNAGARA,Chitradurga,Chitradurga.xls,14,,,,,,,,
Karnataka,Chitradurga,Hosdurga,65315,Devapura,663797,Akkithimmayanahatti,927471,AKKITHIMMAYANAHATTI,Chitradurga,Chitradurga.xls,18,,,,,,,,
Karnataka,Chitradurga,Hiriyur,65285,Suragondanahally,169737,Alamaradahatti,927721,ALAMARADAHATTI,Chitradurga,Chitradurga.xls,23,,,,,,,,
Karnataka,Chitradurga,Chitradurga,65227,Turuvanur,663983,Avalenahalli,605499,Avalenahalli,Chitradurga,Chitradurga.xls,47,,,,,,,,
Karnataka,Chitradurga,Molakalmuru,65345,Santhegudda,664102,B Hanumapura,927436,B.HANUMAPURA,Chitradurga,Chitradurga.xls,49,,,,,,,,
Karnataka,Chitradurga,Molakalmuru,65345,Santhegudda,664103,B.hanumanagudda,927435,B.HANUMANAGUDDA,Chitradurga,Chitradurga.xls,53,,,,,,,,
Karnataka,Chitradurga,Chitradurga,65227,Turuvanur,663984,Bangarakkanahalli,605497,Bangarakkanahalli,Chitradurga,Chitradurga.xls,74,,,,,,,,
Karnataka,Chitradurga,Hosdurga,65307,Kellodu,663901,Bilichittyanahatti,927518,BILICHITTYANAHATTI,Chitradurga,Chitradurga.xls,109,,,,,,,,
Karnataka,Chitradurga,Chitradurga,65227,Turuvanur,663986,Bogalerahatti,605498,Bogalerahatti,Chitradurga,Chitradurga.xls,110,,,,,,,,
Karnataka,Chitradurga,Molakalmuru,65353,Chikkirahalli,170195,Byrapura,605191,Byrapura,Chitradurga,Chitradurga.xls,139,,,,,,,,
Karnataka,Chitradurga,Hiriyur,65282,BABBUR,169710,Chinnaiahnahatti,927549,CHINNAYYANAHATTI,Chitradurga,Chitradurga.xls,182,,,,,,,,
Karnataka,Chitradurga,Holalkere,65343,Madderu,663693,Dasayyanahatti,927665,DASAYYANAHATTI,Chitradurga,Chitradurga.xls,200,,,,,,,,
Karnataka,Chitradurga,Chitradurga,299805,Godabanahal,695537,DEVAPURADHAHATTI,917180,DEVAPURADHAHATTI,Chitradurga,Chitradurga.xls,204,,,,,,,,
Karnataka,Chitradurga,Chitradurga,65227,Turuvanur,663987,Doddagatta,605501,Doddagatta,Chitradurga,Chitradurga.xls,220,,,,,,,,
Karnataka,Chitradurga,Chitradurga,65244,Alagawadi,663732,Doddignahal Hosahatti,927134,DODDIGANAL HOSAHATTI,Chitradurga,Chitradurga.xls,229,,,,,,,,
Karnataka,Chitradurga,Challakere,65192,Obalapura,589269,DONEHALL I,605316,Donehalli Kaval,Chitradurga,Chitradurga.xls,231,,,,,,,,
Karnataka,Chitradurga,Chitradurga,65235,Siddapura,663970,Erajanahatti,927404,ERAJANAHATTI,Chitradurga,Chitradurga.xls,242,,,,,,,,
Karnataka,Chitradurga,Hosdurga,65317,Devigere,663810,Galirangyanahatti,927475,GALIRANGYANAHATTI,Chitradurga,Chitradurga.xls,247,,,,,,,,
Karnataka,Chitradurga,Chitradurga,65234,Janukonda,663922,Ganjigatti,927369,GANJIGATTI,Chitradurga,Chitradurga.xls,251,,,,,,,,
Karnataka,Chitradurga,Holalkere,65327,SHIVAGANGA,589825,Garaga,605724,Garaga,Chitradurga,Chitradurga.xls,257,,,,,,,,
Karnataka,Chitradurga,Chitradurga,65257,Cholaghatta,169515,Garehatti,931789,Cholagatta Yane Gaarehatti,Chitradurga,Chitradurga.xls,258,,,,,,,,
Karnataka,Chitradurga,Hosdurga,65299,S NERLAKERE,663938,Garimbilu,927537,GARIMBILU,Chitradurga,Chitradurga.xls,259,,,,,,,,
Karnataka,Chitradurga,Hosdurga,65299,S NERLAKERE,663936,H S PALYA,927538,H.S.PALYA,Chitradurga,Chitradurga.xls,316,,,,,,,,
Karnataka,Chitradurga,Hiriyur,65264,Yelladakere,169566,Halumadenahalli,606150,Haladyamenahalli,Chitradurga,Chitradurga.xls,332,,,,,,,,
Karnataka,Chitradurga,Chitradurga,65243,Chikkabennur,663777,Hanumanahalli,927174,HANUMANAHALLI,Chitradurga,Chitradurga.xls,338,,,,,,,,
Karnataka,Chitradurga,Molakalmuru,65360,Ashoka Siddapura,664029,Hanumapura S,927438,HANUMAPURA.S,Chitradurga,Chitradurga.xls,341,,,,,,,,
Karnataka,Chitradurga,Chitradurga,65235,Siddapura,663972,Hidayathpura,927408,HIDAYATHPURA,Chitradurga,Chitradurga.xls,357,,,,,,,,
Karnataka,Chitradurga,Chitradurga,65230,Muddapura,664379,Hirekattegere Gollarahatti,927393,HIREKATTEGERE-GOLLARAHATTI,Chitradurga,Chitradurga.xls,364,,,,,,,,
Karnataka,Chitradurga,Hosdurga,65294,Thandaga,663963,Hosakere,927609,HOSAKERE,Chitradurga,Chitradurga.xls,379,,,,,,,,
Karnataka,Chitradurga,Molakalmuru,65360,Ashoka Siddapura,664062,Hosuru,927440,HOSURU,Chitradurga,Chitradurga.xls,383,,,,,,,,
Karnataka,Chitradurga,Chitradurga,65239,Yelagodu,663993,HULLEHAL GOLLARAHATTI,927415,HU.GOLLARAHATTI,Chitradurga,Chitradurga.xls,394,,,,,,,,
Karnataka,Chitradurga,Hosdurga,65304,G.N.KERE,663853,Hunasekatee,927490,HUNASEKATEE,Chitradurga,Chitradurga.xls,397,,,,,,,,
Karnataka,Chitradurga,Chitradurga,65246,Hireguntanur,663878,Hunasekatti Gollarahatti,927348,HUNASEKATTI GOLLARAHATTI,Chitradurga,Chitradurga.xls,398,,,,,,,,
Karnataka,Chitradurga,Chitradurga,65256,Iyyanahalli,663906,Iyyanahalli Kurubarahatti,927361,IYYANAHALLI KURUBARAHATTI,Chitradurga,Chitradurga.xls,417,,,,,,,,
Karnataka,Chitradurga,Chitradurga,65227,Turuvanur,663989,Kadambanakatte,605500,Kadambanakatte,Chitradurga,Chitradurga.xls,449,,,,,,,,
Karnataka,Chitradurga,Holalkere,236415,Adanur,663510,Kambadevarahatta,927631,KAMBADEVARAHATTA,Chitradurga,Chitradurga.xls,475,,,,,,,,
Karnataka,Chitradurga,Hiriyur,65263,Abbenahole,663818,KAMBHATHANAHALLI,927542,KAMBHATTANAHALLI,Chitradurga,Chitradurga.xls,476,,,,,,,,
Karnataka,Chitradurga,Hosdurga,65303,Chikkabyladakere,663791,Katihatti,927469,KATIHATTI,Chitradurga,Chitradurga.xls,511,,,,,,,,
Karnataka,Chitradurga,Molakalmuru,65357,Hangal,664077,Kelagalahatti,927422,KELAGALAHATTI,Chitradurga,Chitradurga.xls,516,,,,,,,,
Karnataka,Chitradurga,Chitradurga,65248,Lakshmisagara,169456,Kitttadahatti,927381,KITTADAHATTI,Chitradurga,Chitradurga.xls,532,,,,,,,,
Karnataka,Chitradurga,Hosdurga,65324,Bokikere,663776,M G Dibba,927464,M.G.DIBBA,Chitradurga,Chitradurga.xls,592,,,,,,,,
Karnataka,Chitradurga,Chitradurga,65259,MEDEHALLI,169522,MEDHEHALLI,605585,Medehalli(Part),Chitradurga,Chitradurga.xls,652,,,,,,,,
Karnataka,Chitradurga,Molakalmuru,65357,Hangal,664078,Megalahatti,927424,MEGALAHATTI,Chitradurga,Chitradurga.xls,656,,,,,,,,
Karnataka,Chitradurga,Chitradurga,65230,Muddapura,663965,MUDDAPURA MYASARAHATTY,927416,MYASARAHATTY,Chitradurga,Chitradurga.xls,668,,,,,,,,
Karnataka,Chitradurga,Molakalmuru,65355,Rayapura,664099,Myasarahatti,927396,MYASARAHATTI,Chitradurga,Chitradurga.xls,678,,,,,,,,
Karnataka,Chitradurga,Challakere,65205,Gowrasamudra,696751,OBANNANAHALLI KAVAL,605277,OBANNANAHALLI KAVAL,Chitradurga,Chitradurga.xls,723,,,,,,,,
Karnataka,Chitradurga,Chitradurga,65241,Kogunde,664330,PANJAIAHNAHATTI,927375,PANJAYAHATTI,Chitradurga,Chitradurga.xls,739,,,,,,,,
Karnataka,Chitradurga,Hosdurga,65319,Mallappanahalli,663923,Rangyanauru,927532,RANGYANAURU,Chitradurga,Chitradurga.xls,779,,,,,,,,
Karnataka,Chitradurga,Molakalmuru,65360,Ashoka Siddapura,664064,Roppa,927442,ROPPA,Chitradurga,Chitradurga.xls,786,,,,,,,,
Karnataka,Chitradurga,Holalkere,65333,Gungiganur,663690,S H Halli Gollarhatti,927663,S.H.HALLI GOLLARHATTI,Chitradurga,Chitradurga.xls,788,,,,,,,,
Karnataka,Chitradurga,Holalkere,65343,Madderu,170130,Seeneerakatte,927677,SEENEERAKATTE,Chitradurga,Chitradurga.xls,809,,,,,,,,
Karnataka,Chitradurga,Chitradurga,65227,Turuvanur,663991,T.Upparatti,605502,Upparatti,Chitradurga,Chitradurga.xls,859,,,,,,,,
Karnataka,Chitradurga,Challakere,65185,Doddaullarthi,169099,ULLAVARTHI KAVAL,605307,ULLAVARTHI KAVAL,Chitradurga,Chitradurga.xls,906,,,,,,,,
Karnataka,Dakshina Kannada,Mangaluru,61549,Bala,671256,Bala,617523,Bala (OG),Dakshina Kannada,Dakshina Kannada.xls,44,,,,,,,,
Karnataka,Dakshina Kannada,Mangaluru,61571,CHELAIRU,148758,Chelairu,617521,Chelliru (OG),Dakshina Kannada,Dakshina Kannada.xls,75,,,,,,,,
Karnataka,Dakshina Kannada,Puttur,61602,Munduru,148816,Kemminje,617734,Kemminje (Rural),Dakshina Kannada,Dakshina Kannada.xls,150,,,,,,,,
Karnataka,Dakshina Kannada,Mangaluru,61560,Permude,148738,Kuttethuru,617522,Kuthethur (OG),Dakshina Kannada,Dakshina Kannada.xls,198,,,,,,,,
Karnataka,Dakshina Kannada,Mangaluru,236264,Gurupura,674434,MOOLUR,617507,Mulur (CT),Dakshina Kannada,Dakshina Kannada.xls,226,,,,,,,,
Karnataka,Dakshina Kannada,Mangaluru,236263,Neermarga,587769,Neerumarga,617510,Neermarga (CT),Dakshina Kannada,Dakshina Kannada.xls,252,,,,,,,,
Karnataka,Dakshina Kannada,Mangaluru,61550,Moodushedde,674495,PADUSHEDDE,617524,Padushedde (OG),Dakshina Kannada,Dakshina Kannada.xls,273,,,,,,,,
Karnataka,Davangere,Davanagere,64663,Iguru,167328,Agasanakatte,606542,Agasanakatte,Davangere,Davangere.xls,4,,,,,,,,
Karnataka,Davangere,Channagiri,64711,Bulasagara,167522,Akali Katte,607016,Akalikatti,Davangere,Davangere.xls,6,,,,,,,,
Karnataka,Davangere,Channagiri,64722,Channeshapura,167563,Basavapura,606909,Basavapura,Davangere,Davangere.xls,42,,,,,,,,
Karnataka,Davangere,Honnali,64823,Haralahalli,168015,Didagur,606827,Didagur,Davangere,Davangere.xls,145,,,,,,,,
Karnataka,Davangere,Channagiri,64698,Guddada Kumaranahalli,167488,Guddada Kumaranaha Halli,607066,Komaranahalli,Davangere,Davangere.xls,205,,,,,,,,
Karnataka,Davangere,Davanagere,64676,Kurki,167410,Hanumanahalli,606669,Hanumanahalli,Davangere,Davangere.xls,232,,,,,,,,
Karnataka,Davangere,Harihara,64796,Sarati,167920,Karalahalli,606271,Karalahalli,Davangere,Davangere.xls,352,,,,,,,,
Karnataka,Davangere,Jagalur,64875,Pallagatte,586897,Kolamaghatta,910406,Kamalapura,Davangere,Davangere.xls,394,,,,,,,,
Karnataka,Davangere,Davanagere,64663,Iguru,167326,Lingapura,606608,Lingapura,Davangere,Davangere.xls,439,,,,,,,,
Karnataka,Davangere,Nyamathi,64814,GUDDEHALLI,167981,NARAGINAKERE,606708,Naraginakere,Davangere,Davangere.xls,527,,,,,,,,
Karnataka,Davangere,Channagiri,64733,Garaga,167604,Rangapura Thanda,607112,Rangapura,Davangere,Davangere.xls,571,,,,,,,,
Karnataka,Davangere,Channagiri,64735,Lingadahalli,167609,Siddapura,606937,Siddapura,Davangere,Davangere.xls,609,,,,,,,,
Karnataka,Davangere,Davanagere,64655,Belavanuru,664230,Taralabalunagara,924654,TARALABALUNAGAR,Davangere,Davangere.xls,635,,,,,,,,
Karnataka,Davangere,Channagiri,64696,Tyavanagi,595950,Tyavanige Thanda,606925,Thyavanige Thanda,Davangere,Davangere.xls,660,,,,,,,,
Karnataka,Davangere,Channagiri,64720,Siddanamatha,167555,Yekkegondi,606936,Yakkegondi,Davangere,Davangere.xls,691,,,,,,,,
Karnataka,Gadag,Shirahatti,64403,Magadi,662140,Channapattana,602095,Shirahatti (Rural),Gadag,Gadag.xls,59,,,,,,,,
Karnataka,Gadag,Gadag,64392,Kurtakoti,588430,Hosahalli,924604,HOSAHALLI,Gadag,Gadag.xls,134,,,,,,,,
Karnataka,Hassan,Hassan,62285,Ankapura,152553,Ankanahalli,616188,Ankanahalli,Hassan,Hassan.xls,80,,,,,,,,
Karnataka,Hassan,Hassan,62299,B.katihalli,152693,B.katihalli,616230,B.Kattihalli (OG),Hassan,Hassan.xls,143,,,,,,,,
Karnataka,Hassan,Arkalgud,0,0,150780,Bettasoge Hantha (b),616775,Bettasoge Hantha,Hassan,Hassan.xls,279,,,,,,,,
Karnataka,Hassan,Arsikere,62184,PURALEHALLI,151440,Byadarahalli,615586,Byadarahalli,Hassan,Hassan.xls,361,,,,,,,,
Karnataka,Hassan,Belur,62221,IBBEDU,151902,C. Hosahalli,615309,C.HOSAHALLI,Hassan,Hassan.xls,382,,,,,,,,
Karnataka,Hassan,Hassan,62307,Tejur,152772,Chikkakondagola,616046,Chikkakondagola(Part),Hassan,Hassan.xls,457,,,,,,,,
Karnataka,Hassan,Hassan,62302,Kandali,152718,Doddamandignahalli,616232,Doddamandiganahalli (OG),Hassan,Hassan.xls,607,,,,,,,,
Karnataka,Hassan,Arsikere,62165,BELAGUMBA,151197,Gollarahalli,615748,Gollarahalli,Hassan,Hassan.xls,692,,,,,,,,
Karnataka,Hassan,Hassan,62283,Handinakere,152531,Guddenahalli,616231,Guddenahalli (OG),Hassan,Hassan.xls,720,,,,,,,,
Karnataka,Hassan,Holenarsipur,62327,Kattebelaguli,152913,Hirebelaguli,616812,Hirebelaguli Hantha,Hassan,Hassan.xls,888,,,,,,,,
Karnataka,Hassan,Arsikere,62176,Kallugundi,151303,Kallusadarahalli,615603,Kallu Sadarahalli,Hassan,Hassan.xls,1172,,,,,,,,
Karnataka,Hassan,Hassan,62304,Karle,152739,Karle Kaval,616143,Karle Kaval,Hassan,Hassan.xls,1243,,,,,,,,
Karnataka,Hassan,Hassan,62276,Kattaya,152474,Kattaya Kaval,616130,Kattaya Kaval,Hassan,Hassan.xls,1256,,,,,,,,
Karnataka,Hassan,Belur,62211,Bichodu,151762,Kodihalli,615436,Kodihalli,Hassan,Hassan.xls,1330,,,,,,,,
Karnataka,Hassan,Arsikere,62181,Kachighatta,151374,Koranahalli,615556,Korenahalli,Hassan,Hassan.xls,1366,,,,,,,,
Karnataka,Hassan,Arsikere,62179,K Shankaranahalli,151329,Kumbaragatta,615641,Kumbaraghatta,Hassan,Hassan.xls,1398,,,,,,,,
Karnataka,Hassan,Hassan,62299,B.katihalli,152696,Lakshmisagar,939319,LAKSHMISAGARA(KASABA),Hassan,Hassan.xls,1456,,,,,,,,
Karnataka,Hassan,Arsikere,62184,PURALEHALLI,151437,Maratagere,615588,Maratagere,Hassan,Hassan.xls,1621,,,,,,,,
Karnataka,Hassan,Arsikere,62188,Rangapura,151465,Mootikere,615758,Mootikere,Hassan,Hassan.xls,1678,,,,,,,,
Karnataka,Hassan,Hassan,62306,MOSALEHOSAHALLI,152767,Mosalehosahalli,926830,MOSALEHOSAHALLI,Hassan,Hassan.xls,1681,,,,,,,,
Karnataka,Hassan,Hassan,62282,Seege,152526,Ramadadevara Kaval,615905,Ramadevarahalla Kaval,Hassan,Hassan.xls,1878,,,,,,,,
Karnataka,Hassan,Holenarsipur,62327,Kattebelaguli,589427,Srirampura,616806,Kattebelaguli Hantha,Hassan,Hassan.xls,2058,,,,,,,,
Karnataka,Hassan,Hassan,62294,Haralahalli,152637,Thamlapura,616047,Thamlapura (OG) (Part),Hassan,Hassan.xls,2101,,,,,,,,
Karnataka,Hassan,Arkalgud,62130,Doddabemmathi,150820,Yadiyur,616736,Yadiyur,Hassan,Hassan.xls,2240,,,,,,,,
Karnataka,Hassan,Hassan,62303,Hanumanthapura,152734,Yareborekaval,938891,EREBOREKAVAL,Hassan,Hassan.xls,2255,,,,,,,,
Karnataka,Haveri,Hanagal,64467,Hullatti,166656,Aregoppa.,604098,Hirekanagi,Haveri,Haveri.xls,30,,,,,,,,
Karnataka,Haveri,RATTIHALLI,64536,KADUR,645720,HADE,924845,HADE,Haveri,Haveri.xls,210,,,,,,,,
Karnataka,Haveri,Shiggaon,64622,Kunnoor,167164,Kunnur,603884,Gudageri,Haveri,Haveri.xls,430,,,,,,,,
Karnataka,Haveri,Hanagal,299956,Aladakatti,637734,Ramapur,924839,RAMAPUR,Haveri,Haveri.xls,550,,,,,,,,
Karnataka,Kalaburagi,Aland,299674,MOGHA (K),149367,ALLAPUR,620040,Allapur (H),Kalaburagi,Kalaburagi.xls,12,,,,,,,,
Karnataka,Kalaburagi,Shabad,61876,Bhankor,637324,bhankur,620714,Bhankur (OG),Kalaburagi,Kalaburagi.xls,102,,,,,,,,
Karnataka,Kalaburagi,Chincholi,61840,Ainolli,149469,Bhogalingadalli,938551,BOMMANAHALLI,Kalaburagi,Kalaburagi.xls,111,,,,,,,,
Karnataka,Kalaburagi,Jevargi,61944,Harnoor,149809,Hanchinal,620860,Hanchinal Bhari,Kalaburagi,Kalaburagi.xls,265,,,,,,,,
Karnataka,Kalaburagi,Kalaburagi,61934,Nandikoor,589686,Kotnoor (d),620322,Kotnoor Darwesh (OG),Kalaburagi,Kalaburagi.xls,479,,,,,,,,
Karnataka,Kalaburagi,Sedam,61984,Mudhol,665173,Kottapalli,620568,Kompalli,Kalaburagi,Kalaburagi.xls,480,,,,,,,,
Karnataka,Kalaburagi,Kalaburagi,61932,Kusnoor,149760,Kusnoor,620266,Kusnoor (Part),Kalaburagi,Kalaburagi.xls,499,,,,,,,,
Karnataka,Kalaburagi,Yadrami,61958,MALLI,149881,NAGARALLI,620833,Nagarhalli,Kalaburagi,Kalaburagi.xls,605,,,,,,,,
Karnataka,Kalaburagi,Chincholi,61849,Venktapur,149482,Sangapur,620441,Sangam[K],Kalaburagi,Kalaburagi.xls,701,,,,,,,,
Karnataka,Kalaburagi,Chincholi,61849,Venktapur,662333,Seribhiknalli,620370,SERIBIKANALLI,Kalaburagi,Kalaburagi.xls,721,,,,,,,,
Karnataka,Kodagu,Virajpet,62435,BITTANGALA,661869,AMBATTI,924036,AMBATTI,Kodagu,Kodagu.xls,9,,,,,,,,
Karnataka,Kodagu,Kushalanagar,62416,GUDDEHOSUR,153485,ATHUR,923974,BELLURU,Kodagu,Kodagu.xls,20,,,,,,,,
Karnataka,Kodagu,Ponnampet,62453,HATHUR,701118,ATHUR,924053,ATHUR,Kodagu,Kodagu.xls,21,,,,,,,,
Karnataka,Kodagu,Ponnampet,62461,SRIMANGALA,661894,BEERUGA,924064,BEERUGA,Kodagu,Kodagu.xls,39,,,,,,,,
Karnataka,Kodagu,Virajpet,62449,Chennayanakote,702204,CHENNANGI,924040,CHENNANGI,Kodagu,Kodagu.xls,70,,,,,,,,
Karnataka,Kodagu,Somvarpet,62401,Gowdalli,153426,Chennapura,938979,CHENNAPURA,Kodagu,Kodagu.xls,71,,,,,,,,
Karnataka,Kodagu,Kushalanagar,62421,Torenur,661862,CHIKKA ALUVARA,924016,CHIKKA ALUVARA,Kodagu,Kodagu.xls,75,,,,,,,,
Karnataka,Kodagu,Ponnampet,62469,Gonikoppal,153632,GONIKOPPA,910319,Gonikoppal (CT),Kodagu,Kodagu.xls,97,,,,,,,,
Karnataka,Kodagu,Kushalanagar,62416,GUDDEHOSUR,661828,GUDDEHOSURU,923977,GUDDEHOSURU,Kodagu,Kodagu.xls,100,,,,,,,,
Karnataka,Kodagu,Somvarpet,62402,Doddamolathe,153441,HONNAHANAKODU,923949,GEJJEHANAKODU,Kodagu,Kodagu.xls,124,,,,,,,,
Karnataka,Kodagu,Kushalanagar,0,0,661841,HUDUGURU,923992,HUDUGURU,Kodagu,Kodagu.xls,131,,,,,,,,
Karnataka,Kodagu,Ponnampet,62468,PONNAMPET,695841,Hudur,924028,Hudur,Kodagu,Kodagu.xls,132,,,,,,,,
Karnataka,Kodagu,Kushalanagar,0,0,661848,HULUGUNDA,923999,HULUGUNDA,Kodagu,Kodagu.xls,135,,,,,,,,
Karnataka,Kodagu,Madikeri,0,0,661743,KOTTURU,923893,KOTTURU,Kodagu,Kodagu.xls,187,,,,,,,,
Karnataka,Kodagu,Kushalanagar,0,0,661842,MADALAPURA,939033,SHIRAHOLALU,Kodagu,Kodagu.xls,207,,,,,,,,
Karnataka,Kodagu,Kushalanagar,62416,GUDDEHOSUR,701119,MADAPATNA,923978,MADAPATNA,Kodagu,Kodagu.xls,208,,,,,,,,
Karnataka,Kodagu,Ponnampet,62468,PONNAMPET,153578,MUGUTAGERI,924029,MUGUTAGERI,Kodagu,Kodagu.xls,228,,,,,,,,
Karnataka,Kodagu,Ponnampet,62455,THITHIMATHI,702206,NOKYA SIDDAPURA,939080,NOKYA SIDDAPURA,Kodagu,Kodagu.xls,259,,,,,,,,
Karnataka,Kodagu,Madikeri,62383,Peraje,661768,P PERAJE,923915,P.PERAJE,Kodagu,Kodagu.xls,260,,,,,,,,
Karnataka,Kodagu,Somvarpet,62397,Shanivarasanthe,153385,Sanivarsanthe,939272,HOSAHALLI ( SHANIVARASANTHE HOBLI),Kodagu,Kodagu.xls,270,,,,,,,,
Karnataka,Kodagu,Kushalanagar,62421,Torenur,661864,SIDDALINGAPURA,924018,SIDDALINGAPURA,Kodagu,Kodagu.xls,275,,,,,,,,
Karnataka,Kodagu,Ponnampet,62461,SRIMANGALA,695839,SRIMANAGALA,924065,SRIMANAGALA,Kodagu,Kodagu.xls,282,,,,,,,,
Karnataka,Kodagu,Virajpet,62435,BITTANGALA,153530,V Badaga,924037,KANDAGALA,Kodagu,Kodagu.xls,294,,,,,,,,
Karnataka,Kodagu,Somvarpet,62410,Aigur,153466,Yadavanadu Forest 1,923921,YADAVANADU (EDAVARE majare Iguru),Kodagu,Kodagu.xls,295,,,,,,,,
Karnataka,Kolar,Bangarapet,236411,Thoppanahalli,589788,Bangaranatha,622635,Bangaranatha,Kolar,Kolar.xls,120,,,,,,,,
Karnataka,Kolar,Malur,62644,Madivala,155147,CHANNIGARAYAPURA,622219,Channarayapura,Kolar,Kolar.xls,265,,,,,,,,
Karnataka,Kolar,Kolar,0,0,589731,Charla Dinne,622078,Charaladinne,Kolar,Kolar.xls,268,,,,,,,,
Karnataka,Kolar,Bangarapet,62474,Chinna Kota,153638,Chinnakote,622847,Chinnakote (OG),Kolar,Kolar.xls,313,,,,,,,,
Karnataka,Kolar,Bangarapet,62474,Chinna Kota,153641,DEVAGANAHALLI,622848,Devaganahalli (OG),Kolar,Kolar.xls,356,,,,,,,,
Karnataka,Kolar,Bangarapet,0,0,589744,Dharmakrishnepalli,622706,Dharmakrishnepalli,Kolar,Kolar.xls,364,,,,,,,,
Karnataka,Kolar,Kolar,62633,Thoradevandahalli,589732,Ganeshpur,621991,Ganeshapura,Kolar,Kolar.xls,442,,,,,,,,
Karnataka,Kolar,Malur,62646,MASTHI,155165,GANGA SANDRA,622160,Gangasandra,Kolar,Kolar.xls,443,,,,,,,,
Karnataka,Kolar,Bangarapet,62474,Chinna Kota,153639,Kathihalli,622846,Kathihalli (OG),Kolar,Kolar.xls,755,,,,,,,,
Karnataka,Kolar,Kolar,62630,Doodahasala,155040,Kurubarahalli,622080,Kurubarahalli,Kolar,Kolar.xls,878,,,,,,,,
Karnataka,Kolar,Mulbagal,62685,Hanumanahalli,665098,Kurubarahalli,623023,Kurubarahalli,Kolar,Kolar.xls,880,,,,,,,,
Karnataka,Kolar,K G F,62483,PARANDAHALLI,153731,PARANDAHALLI,622755,Parandahalli(Part),Kolar,Kolar.xls,1158,,,,,,,,
Karnataka,Kolar,Malur,62647,HASANDAHALLI,696315,SONNANADODDI,622317,SONNANADODDI,Kolar,Kolar.xls,1326,,,,,,,,
Karnataka,Kolar,Bangarapet,62474,Chinna Kota,153642,THAMENAHALLI,622550,Thammenahalli,Kolar,Kolar.xls,1370,,,,,,,,
Karnataka,Kolar,K G F,0,0,589757,THIPPABOYENAHALLI,622733,Thippaboyenahalli,Kolar,Kolar.xls,1389,,,,,,,,
Karnataka,Kolar,Malur,62652,Nosagere,155249,UPASAPURA,622436,Upasapura,Kolar,Kolar.xls,1434,,,,,,,,
Karnataka,Kolar,Malur,62647,HASANDAHALLI,155386,VENKATAPURA,622357,VENKATAPURA,Kolar,Kolar.xls,1485,,,,,,,,
Karnataka,Kolar,Malur,62665,K.G.HALLI,694232,VENKATAPURA,621685,VENKATAPURA,Kolar,Kolar.xls,1489,,,,,,,,
Karnataka,Koppal,Kushtagi,64239,Jahagirgudadur,166027,Konapur,601521,Konapur,Koppal,Koppal.xls,339,,,,,,,,
Karnataka,Koppal,Gangavathi,64300,Vaddarahatti,588718,Vaddaratti,601604,Baglapura,Koppal,Koppal.xls,552,,,,,,,,
Karnataka,Mandya,Nagamangala,62948,DODDABALA,157425,Addi Halli,613798,ADDIHALLI,Mandya,Mandya.xls,10,,,,,,,,
Karnataka,Mandya,Malvalli,62876,Nagegowdanadoddi,157031,Anche Doddi,614749,Devalinganapura,Mandya,Mandya.xls,47,,,,,,,,
Karnataka,Mandya,Malvalli,62885,H.basapura,157065,Basavanahalli,614697,Basavana Halli,Mandya,Mandya.xls,140,,,,,,,,
Karnataka,Mandya,Krishnarajpet,62795,Bharathipura Cross,156635,Bedadahalli,926860,BEDADAHALLY,Mandya,Mandya.xls,145,,,,,,,,
Karnataka,Mandya,Krishnarajpet,62811,Ganjigere,156778,Bookahallikoppalu,613674,BUKAHALLIKOPPALU,Mandya,Mandya.xls,216,,,,,,,,
Karnataka,Mandya,Krishnarajpet,62807,Hariharapura,156751,Chamikoppalu,613571,CHAMIKOPPLU,Mandya,Mandya.xls,250,,,,,,,,
Karnataka,Mandya,Malvalli,62864,Purigali,156973,Chikkebagilu,614833,CHIKKEBBAGILU,Mandya,Mandya.xls,293,,,,,,,,
Karnataka,Mandya,Pandavapura,62977,Chikkade,157718,Devegowdanakoppalu,614185,DEVEGOWDANAKOPPALU,Mandya,Mandya.xls,358,,,,,,,,
Karnataka,Mandya,Nagamangala,62944,GONDENAHALLI,157385,Doddena Halli,613856,Doddenahalli,Mandya,Mandya.xls,387,,,,,,,,
Karnataka,Mandya,Krishnarajpet,62811,Ganjigere,156773,Ganjigerekoppalu,613673,GANJIGEREKOPPALU,Mandya,Mandya.xls,433,,,,,,,,
Karnataka,Mandya,Nagamangala,287959,Hulikere,157437,Gowdara Halli,613742,Gowdarahalli,Mandya,Mandya.xls,463,,,,,,,,
Karnataka,Mandya,Krishnarajpet,62800,Anagola,595375,Gowdenahally,926857,GOWDENAHALLY,Mandya,Mandya.xls,464,,,,,,,,
Karnataka,Mandya,Malvalli,62886,Bydarahalli,665310,Halagapura,614776,Halaganadoddi,Mandya,Mandya.xls,504,,,,,,,,
Karnataka,Mandya,Krishnarajpet,62797,Ballekere,156653,Hemmadahalli,926858,HEMMADAHALLY,Mandya,Mandya.xls,556,,,,,,,,
Karnataka,Mandya,Nagamangala,62962,HONAKERE,157610,Jodi Vaddara Halli,614036,VADDARAHALI,Mandya,Mandya.xls,659,,,,,,,,
Karnataka,Mandya,Shrirangapattana,63009,K. R. Sagara,157805,K.r. Sagara,942729,Krishnarajasagara,Mandya,Mandya.xls,677,,,,,,,,
Karnataka,Mandya,Malvalli,62882,D.halasahalli,157054,Kadampura,614732,Kaggalipura,Mandya,Mandya.xls,691,,,,,,,,
Karnataka,Mandya,Pandavapura,62975,T.S.CHATRA,157708,Kenchanahalli,614083,Kanchanahalli,Mandya,Mandya.xls,778,,,,,,,,
Karnataka,Mandya,Krishnarajpet,62804,Haralahalli,156723,M.hosur,926878,HOSURU,Mandya,Mandya.xls,874,,,,,,,,
Karnataka,Mandya,Malvalli,62891,T.k.halli,157095,N.kodihalli,614762,N.KODIHALLI,Mandya,Mandya.xls,1020,,,,,,,,
Karnataka,Mandya,Krishnarajpet,62804,Haralahalli,156711,Neethimangala,613483,NEETHIMANGALA,Mandya,Mandya.xls,1060,,,,,,,,
Karnataka,Mandya,Pandavapura,62965,Gummanahalli,665972,Ragimuddanahalli,614127,Moodanahalli,Mandya,Mandya.xls,1097,,,,,,,,
Karnataka,Mandya,Krishnarajpet,62791,Sindhagatta,595383,Shettynayakana Koppalu,613480,SHETTANAYAKANKOPPALU,Mandya,Mandya.xls,1164,,,,,,,,
Karnataka,Mandya,Krishnarajpet,62788,Bookanakere,156563,Vijaya Hosalli,613647,Kanchahalli,Mandya,Mandya.xls,1299,,,,,,,,
Karnataka,Mysuru,Mysuru,63135,Alanahalli,665697,Alanahally,618836,Alanahalli (OG),Mysuru,Mysuru.xls,25,,,,,,,,
Karnataka,Mysuru,Piriyapatna,63199,Malangi,158874,Anechowkuru,618279,Anechowkur Forest,Mysuru,Mysuru.xls,33,,,,,,,,
Karnataka,Mysuru,SARAGURU,0,0,157986,ANKUPURA,619013,Ankupura,Mysuru,Mysuru.xls,43,,,,,,,,
Karnataka,Mysuru,Tirumakudal-narsipur,63227,B.shettahalli,159029,B.shettahalli,619431,Settahalli,Mysuru,Mysuru.xls,72,,,,,,,,
Karnataka,Mysuru,Krishnarajanagara,63088,Hebbalu,158370,Beernahalli,618590,Beeranahalli,Mysuru,Mysuru.xls,114,,,,,,,,
Karnataka,Mysuru,Piriyapatna,63189,Bettadatunga,158799,Bettadakaval,618170,Bettadakaval,Mysuru,Mysuru.xls,137,,,,,,,,
Karnataka,Mysuru,Mysuru,299748,Chamundibetta,664413,Chamundibetta,618837,Chamundibetta (OG),Mysuru,Mysuru.xls,188,,,,,,,,
Karnataka,Mysuru,SARAGURU,63032,M.C. THALALU,157985,CHIKKAKUNDURU,619012,Chikkakundur,Mysuru,Mysuru.xls,222,,,,,,,,
Karnataka,Mysuru,Heggadadevankote,63019,Thumbasoge,157885,Chowdahalli,619120,Chowdahalli,Mysuru,Mysuru.xls,240,,,,,,,,
Karnataka,Mysuru,Piriyapatna,63183,Kanagalu,158757,Gobbalikaval,618091,Gobbalikaval,Mysuru,Mysuru.xls,331,,,,,,,,
Karnataka,Mysuru,Heggadadevankote,63039,N.Belthur,158061,Gundathur,619052,Gundathur,Mysuru,Mysuru.xls,358,,,,,,,,
Karnataka,Mysuru,Tirumakudal-narsipur,63222,Kolathuru,159012,Halavara Mata,619360,HALAVARAMATA,Mysuru,Mysuru.xls,377,,,,,,,,
Karnataka,Mysuru,SARAGURU,63027,MANUGANAHALLI,157942,HALEMANCHAHALLI,618976,Halemanchahalli,Mysuru,Mysuru.xls,381,,,,,,,,
Karnataka,Mysuru,Mysuru,299749,Hinkal,664401,Hinkal,618829,Hinkal (CT),Mysuru,Mysuru.xls,454,,,,,,,,
Karnataka,Mysuru,Heggadadevankote,63021,Hirehalli,157896,Hirehalli,619016,Hirehalli,Mysuru,Mysuru.xls,456,,,,,,,,
Karnataka,Mysuru,Mysuru,63129,Gungaralachathra,158548,Hosakote,618688,Hosakote,Mysuru,Mysuru.xls,484,,,,,,,,
Karnataka,Mysuru,Heggadadevankote,299730,HOSAHOLALU,676017,HOSAMALA,939277,ANTHARASANTHE KAVAL,Mysuru,Mysuru.xls,490,,,,,,,,
Karnataka,Mysuru,Hunsur,63048,Uyigondanahalli,590015,Hundimala,618443,Husenpuranala,Mysuru,Mysuru.xls,513,,,,,,,,
Karnataka,Mysuru,SARAGURU,63034,B. MATAKERE,158011,INURMARIGUDIJUNGLE,619111,AINURU MARIGUDI JANGAL,Mysuru,Mysuru.xls,532,,,,,,,,
Karnataka,Mysuru,SARAGURU,63034,B. MATAKERE,158026,IYANAPURA,619055,AYYANAPURA,Mysuru,Mysuru.xls,536,,,,,,,,
Karnataka,Mysuru,Nanjangud,63169,Deburu,158692,Kallahalli,619167,Kallahalli,Mysuru,Mysuru.xls,588,,,,,,,,
Karnataka,Mysuru,Nanjangud,63168,Deviramanahalli,158687,Karlapura,619169,Karlapura,Mysuru,Mysuru.xls,631,,,,,,,,
Karnataka,Mysuru,Piriyapatna,63198,Panchavlli,158863,Kathcuvinahalli Jungle,618292,Kachuvanahalli Jungle,Mysuru,Mysuru.xls,640,,,,,,,,
Karnataka,Mysuru,Mysuru,63109,Koorgally,158464,Koorgally,618827,Hutagalli (CT),Mysuru,Mysuru.xls,707,,,,,,,,
Karnataka,Mysuru,Mysuru,63118,Srirampura,664404,Lingabudipalya,618839,Lingambudi (OG),Mysuru,Mysuru.xls,765,,,,,,,,
Karnataka,Mysuru,Piriyapatna,63200,Muttur,158884,Lingapura Forest,618246,Lingapura Forest,Mysuru,Mysuru.xls,768,,,,,,,,
Karnataka,Mysuru,Mysuru,63115,Varuna,158482,Madapura,618807,MADHAPURA,Mysuru,Mysuru.xls,787,,,,,,,,
Karnataka,Mysuru,SARAGURU,63033,Hegganur,158004,MALLARAJAPURA,619082,Mallarajapura,Mysuru,Mysuru.xls,815,,,,,,,,
Karnataka,Mysuru,Piriyapatna,63198,Panchavlli,158862,Muddanahalli,618291,Muddanahalli *,Mysuru,Mysuru.xls,890,,,,,,,,
Karnataka,Mysuru,Nanjangud,63153,Dasanur,158635,Ramashettipura,619304,Ramasettipura,Mysuru,Mysuru.xls,987,,,,,,,,
Karnataka,Mysuru,Mysuru,63112,Rammanahally,158472,Rammanahally,618685,Ramanahalli,Mysuru,Mysuru.xls,991,,,,,,,,
Karnataka,Mysuru,Mysuru,63122,Hanchya,664411,Sathagalli,618835,Sathagalli (OG),Mysuru,Mysuru.xls,1019,,,,,,,,
Karnataka,Mysuru,Heggadadevankote,63039,N.Belthur,158059,Sundapura,619037,Sundapura,Mysuru,Mysuru.xls,1075,,,,,,,,
Karnataka,Mysuru,Piriyapatna,63205,Chikkanerale,158939,Vadderahosahalli Jungle,618174,Vaderahosahalli Jungle,Mysuru,Mysuru.xls,1140,,,,,,,,
Karnataka,RAMANAGARA,Kanakapura,59982,DODDAMUDAVADI,143085,BANDIGANAHALLI,626363,Bandiganahalli,RAMANAGARA,RAMANAGARA.xls,70,,,,,,,,
Karnataka,RAMANAGARA,Kanakapura,59962,BUDIGUPPE,142975,BOODIGUPPE,626469,Kanakapura (Rural),RAMANAGARA,RAMANAGARA.xls,116,,,,,,,,
Karnataka,RAMANAGARA,Magadi,60006,MATHIKERE,143262,CHITTANAHALLI,939013,CHITTANAHALLI.,RAMANAGARA,RAMANAGARA.xls,168,,,,,,,,
Karnataka,RAMANAGARA,Kanakapura,59975,Choodahalli,143040,CHOODAHALLI,626497,Choodahalli,RAMANAGARA,RAMANAGARA.xls,171,,,,,,,,
Karnataka,RAMANAGARA,Kanakapura,59949,I.GOLLAHALLI,142914,DODDAKOPPA,626571,Doddakoppa,RAMANAGARA,RAMANAGARA.xls,192,,,,,,,,
Karnataka,RAMANAGARA,Kanakapura,59963,KAGGALAHALLI,142980,HOSAGABBADI,626344,Gabbadi,RAMANAGARA,RAMANAGARA.xls,303,,,,,,,,
Karnataka,RAMANAGARA,Kanakapura,59959,Arekattedoddi(Kachuvanahalli),142962,HOSAHALLI,626506,Hosahalli,RAMANAGARA,RAMANAGARA.xls,304,,,,,,,,
Karnataka,RAMANAGARA,Kanakapura,59953,Bannimukkodlu,142933,IRRALAPODU,626625,Irlapodu,RAMANAGARA,RAMANAGARA.xls,331,,,,,,,,
Karnataka,RAMANAGARA,Channapatna,59852,THITTAMARANAHALLY,142105,KUNTHURUDODDI,626259,Chikka Maluru,RAMANAGARA,RAMANAGARA.xls,436,,,,,,,,
Karnataka,RAMANAGARA,Kanakapura,59978,NARAYANAPURA,143066,KUNURU,626483,Kunuru,RAMANAGARA,RAMANAGARA.xls,437,,,,,,,,
Karnataka,RAMANAGARA,Kanakapura,59966,SOMEDYAPANAHALLI,143007,MURKANI,626435,Murkani,RAMANAGARA,RAMANAGARA.xls,526,,,,,,,,
Karnataka,RAMANAGARA,Magadi,59990,MADABAL,589746,PAPASHASTRI PALYA,626034,Papasastripalya,RAMANAGARA,RAMANAGARA.xls,561,,,,,,,,
Karnataka,RAMANAGARA,Kanakapura,59977,T.HOSAHALLI,665293,PURADHADODDI,626385,PURADHA DODDI (MARALAWADI HOBLI),RAMANAGARA,RAMANAGARA.xls,568,,,,,,,,
Karnataka,RAMANAGARA,Kanakapura,59961,KOLLIGANAHALLI,665574,RAMASAGARA,626588,YAREHALLI,RAMANAGARA,RAMANAGARA.xls,576,,,,,,,,
Karnataka,RAMANAGARA,Magadi,59987,HANCHIKUPPE,607402,RANGACHARIPALYA,626033,Rangacharipalya,RAMANAGARA,RAMANAGARA.xls,578,,,,,,,,
Karnataka,Raichur,Raichur,63350,Baidoddi,696055,AGAPUR (D),600788,AGAPUR (D),Raichur,Raichur.xls,6,,,,,,,,
Karnataka,Raichur,Devadurga,63258,RAMADURGA,696053,ANBALKHED,600663,ANBALKHED,Raichur,Raichur.xls,24,,,,,,,,
Karnataka,Raichur,Devadurga,328114,JALAHALLI,700916,CHAPALKI,600540,CHAPALKI,Raichur,Raichur.xls,131,,,,,,,,
Karnataka,Raichur,Sindhanur,63385,Jawalgera,589906,Dibbanakedi {d),601156,Dibbanakhed,Raichur,Raichur.xls,177,,,,,,,,
Karnataka,Raichur,Devadurga,63258,RAMADURGA,699917,DURG,600665,DURG,Raichur,Raichur.xls,190,,,,,,,,
Karnataka,Raichur,Devadurga,63251,Nagadadinni,159193,Earalagudda,600721,Sutardinni,Raichur,Raichur.xls,192,,,,,,,,
Karnataka,Raichur,Devadurga,328115,JALAHALLI,700917,HAMPERGUNDI,600548,HAMPERGUNDI,Raichur,Raichur.xls,276,,,,,,,,
Karnataka,Raichur,Devadurga,63271,Masarkal,700919,HIREHONKUNI,600630,HIREHONKUNI,Raichur,Raichur.xls,314,,,,,,,,
Karnataka,Raichur,Devadurga,63265,H. Siddapur,692039,HORAHATTI,600555,HORAHATTI,Raichur,Raichur.xls,327,,,,,,,,
Karnataka,Raichur,Devadurga,63258,RAMADURGA,692040,JAVGUD,600661,JAVGUD,Raichur,Raichur.xls,382,,,,,,,,
Karnataka,Raichur,MASKI,63377,BAPPUR,700923,JOGALDINNI,601107,JOGALDINNI,Raichur,Raichur.xls,388,,,,,,,,
Karnataka,Raichur,Sindhanur,63385,Jawalgera,589904,Kanakanaikana Doddi,601150,Konganaikandoddi,Raichur,Raichur.xls,422,,,,,,,,
Karnataka,Raichur,Manvi,63340,Kurdi,160016,Kurdi Cros Camp,601027,Kumdhal,Raichur,Raichur.xls,476,,,,,,,,
Karnataka,Raichur,Devadurga,63259,Maladakal,699916,LAXMINARAYANAPURA,600669,LAXMINARAYANAPURA,Raichur,Raichur.xls,488,,,,,,,,
Karnataka,Raichur,Sindhanur,63385,Jawalgera,589902,Lokanaikana Doddi,601148,Locknaikandoddi,Raichur,Raichur.xls,491,,,,,,,,
Karnataka,Raichur,Raichur,63347,ATHKOOR,692037,MANGI GADDE,600755,MANGI GADDE,Raichur,Raichur.xls,528,,,,,,,,
Karnataka,Raichur,Sirawara,63323,MALLAT,159849,N.HOSUR,600959,Hosur.N,Raichur,Raichur.xls,583,,,,,,,,
Karnataka,Raichur,Devadurga,299870,Somanamaradi,699918,NAGLAPUR,600575,NAGLAPUR,Raichur,Raichur.xls,594,,,,,,,,
Karnataka,Raichur,Raichur,63350,Baidoddi,700924,TAMALGHAT (D),600787,TAMALGHAT (D),Raichur,Raichur.xls,719,,,,,,,,
Karnataka,Raichur,Devadurga,63258,RAMADURGA,696054,TIPPAPUR,600662,TIPPAPUR,Raichur,Raichur.xls,733,,,,,,,,
Karnataka,Raichur,Devadurga,328116,JALAHALLI,700918,YERKAMANDODDI,600550,YERKAMANDODDI,Raichur,Raichur.xls,813,,,,,,,,
Karnataka,Shivamogga,Shikarpur,63527,Harogoppa,644107,Anjanapura,607842,Anjanapura,Shivamogga,Shivamogga.xls,53,,,,,,,,
Karnataka,Shivamogga,Sorab,63618,Chandragutti,696311,BADADHABAILU,607520,BADADHABAILU,Shivamogga,Shivamogga.xls,95,,,,,,,,
Karnataka,Shivamogga,Shikarpur,63527,Harogoppa,665440,Chikkakoralahalli,607844,Chikkoralahalli,Shivamogga,Shivamogga.xls,273,,,,,,,,
Karnataka,Shivamogga,Sorab,63631,Ulavi,161748,Devagodikoppa,607635,Devagundikoppa,Shivamogga,Shivamogga.xls,315,,,,,,,,
Karnataka,Shivamogga,Shivamogga,300011,TUPPURU,161254,Halakuni,917445,HALKUNI,Shivamogga,Shivamogga.xls,430,,,,,,,,
Karnataka,Shivamogga,Sagar,63479,Keladi,160900,Haroguttige,925036,HAREGOPPA,Shivamogga,Shivamogga.xls,473,,,,,,,,
Karnataka,Shivamogga,Sorab,63595,Jade,665880,Hole Koppa,607398,Halekoppa,Shivamogga,Shivamogga.xls,531,,,,,,,,
Karnataka,Shivamogga,Shivamogga,63562,Agasavalli,665771,Hosur,608315,Hosuru,Shivamogga,Shivamogga.xls,587,,,,,,,,
Karnataka,Shivamogga,Shikarpur,63556,Belagavi,161232,Javagatte,607712,JAVAGATTE,Shivamogga,Shivamogga.xls,648,,,,,,,,
Karnataka,Shivamogga,Shikarpur,63527,Harogoppa,665431,Kambaduru,607839,Kambadooru,Shivamogga,Shivamogga.xls,717,,,,,,,,
Karnataka,Shivamogga,Sagar,63497,Kanle,665414,Keluve,926086,KELUVE,Shivamogga,Shivamogga.xls,788,,,,,,,,
Karnataka,Shivamogga,Sagar,63495,Nadakalasi,160937,Kerodi,925367,KERODII,Shivamogga,Shivamogga.xls,802,,,,,,,,
Karnataka,Shivamogga,Shikarpur,63527,Harogoppa,665418,Kesarghatta(be),607845,Kesaraghatta,Shivamogga,Shivamogga.xls,807,,,,,,,,
Karnataka,Shivamogga,Sagar,63497,Kanle,665411,Mandagalale,926087,MANDAGALALE,Shivamogga,Shivamogga.xls,976,,,,,,,,
Karnataka,Shivamogga,Shivamogga,63570,Hosahalli,161296,Mullakere,925131,MULLUKERE,Shivamogga,Shivamogga.xls,1048,,,,,,,,
Karnataka,Shivamogga,Sorab,63608,Tatturu,161500,Oddigere,925233,THATHURU VADDIGERE,Shivamogga,Shivamogga.xls,1135,,,,,,,,
Karnataka,Shivamogga,Sagar,63490,Padavagodu,160903,Padavagodu,925366,PADAVAGODUU,Shivamogga,Shivamogga.xls,1138,,,,,,,,
Karnataka,Shivamogga,Sagar,63503,Herenelluru,665407,Sannamane,925024,SANNAMANE,Shivamogga,Shivamogga.xls,1188,,,,,,,,
Karnataka,Shivamogga,Sagar,63492,Bhimaneri,665389,Suranagadde,925015,SURANAGADDE,Shivamogga,Shivamogga.xls,1269,,,,,,,,
Karnataka,Shivamogga,Sagar,63503,Herenelluru,665402,Tattegundi,925026,TATTEGUNDI,Shivamogga,Shivamogga.xls,1292,,,,,,,,
Karnataka,Shivamogga,Sagar,63492,Bhimaneri,665393,TORAVAGADU,607138,Talakalale,Shivamogga,Shivamogga.xls,1346,,,,,,,,
Karnataka,Shivamogga,Shivamogga,63592,Umblebilu,161401,Totadakere,925200,TOTADAKERE,Shivamogga,Shivamogga.xls,1348,,,,,,,,
Karnataka,Shivamogga,Sorab,63595,Jade,161420,Varadikoppa,607401,Varadikoppa,Shivamogga,Shivamogga.xls,1380,,,,,,,,
Karnataka,Shivamogga,Sorab,63595,Jade,702936,YADAGOPPA,607399,YADAGOPPA,Shivamogga,Shivamogga.xls,1399,,,,,,,,
Karnataka,Shivamogga,Sagar,63503,Herenelluru,665395,YALAKUNDLI,925027,YALAKUNDLI,Shivamogga,Shivamogga.xls,1408,,,,,,,,
Karnataka,TUMAKURU,Turuvekere,63971,KONDAJJI,588550,BANTARAHALLI,612308,Bantarahalli,TUMAKURU,TUMAKURU.xls,191,,,,,,,,
Karnataka,TUMAKURU,Madhugiri,63813,BRAMHASAMUDRA,163221,BRAMHASAMUDRA,610891,Brahmasamudra,TUMAKURU,TUMAKURU.xls,350,,,,,,,,
Karnataka,TUMAKURU,Madhugiri,63807,KALIDEVAPURA,586142,BYRAPURA,610930,Byrapura,TUMAKURU,TUMAKURU.xls,403,,,,,,,,
Karnataka,TUMAKURU,Koratagere,63741,HANCHIHALLI,588560,CHIGARANAHALLI,611091,Chigaranahalli,TUMAKURU,TUMAKURU.xls,449,,,,,,,,
Karnataka,TUMAKURU,Pavagada,63839,Chikkahalli,163397,CHIKKAHALLY,610522,Chikkahalli,TUMAKURU,TUMAKURU.xls,466,,,,,,,,
Karnataka,TUMAKURU,Chiknayakanhalli,63690,Mathighatta,162138,DASIHALLI,610205,Dasihalli,TUMAKURU,TUMAKURU.xls,585,,,,,,,,
Karnataka,TUMAKURU,Madhugiri,63810,SINGANAHALLI,163204,DODDENAHALLI,610917,Doddenahalli,TUMAKURU,TUMAKURU.xls,654,,,,,,,,
Karnataka,TUMAKURU,Sira,0,0,163608,HALKURU KAVAL,610387,Halkur Kaval,TUMAKURU,TUMAKURU.xls,857,,,,,,,,
Karnataka,TUMAKURU,Chiknayakanhalli,0,0,162108,HARAGONDAHAHALLI,610173,Harogondanahalli,TUMAKURU,TUMAKURU.xls,899,,,,,,,,
Karnataka,TUMAKURU,Madhugiri,63797,GANJALAGUNTE,586141,K.G.THIPPAPURA,610815,K.G.Thippapura,TUMAKURU,TUMAKURU.xls,1145,,,,,,,,
Karnataka,TUMAKURU,Sira,63878,Bhuvanahalli,163574,KALLUKOTE,610366,Kallukote,TUMAKURU,TUMAKURU.xls,1225,,,,,,,,
Karnataka,TUMAKURU,Kunigal,63767,Kithanamangala,162844,KITHNAMANGALA AMANIKERE,612611,Kithanamangala Amanikere,TUMAKURU,TUMAKURU.xls,1378,,,,,,,,
Karnataka,TUMAKURU,Sira,63883,HONNAGONDANAHALLI,588538,KUSUKUNTE KAVAL,610368,Kusukunte Kaval,TUMAKURU,TUMAKURU.xls,1515,,,,,,,,
Karnataka,TUMAKURU,Madhugiri,63816,Reddyhalli,163244,LAKSHMIPURA,610822,Lakshmipura,TUMAKURU,TUMAKURU.xls,1539,,,,,,,,
Karnataka,TUMAKURU,Koratagere,0,0,588561,MADHAVARAYANAPALYA,611226,Madhavarayanapalya,TUMAKURU,TUMAKURU.xls,1603,,,,,,,,
Karnataka,TUMAKURU,Gubbi,0,0,588642,MALLASANDRA KATTE,611647,Mallasandra Katte,TUMAKURU,TUMAKURU.xls,1641,,,,,,,,
Karnataka,TUMAKURU,Tumakuru,63932,Malasandra,164019,MALLASANDRA VOLAGERE KAVAL,611447,Mallasandra PALYA,TUMAKURU,TUMAKURU.xls,1642,,,,,,,,
Karnataka,TUMAKURU,Tumakuru,63937,OORKERE,164060,MARALENAHALLI,938653,MARALENAHALLI,TUMAKURU,TUMAKURU.xls,1683,,,,,,,,
Karnataka,TUMAKURU,Gubbi,63702,Allilughatta,594555,MUDLAHALLI,611664,Mudlahalli,TUMAKURU,TUMAKURU.xls,1781,,,,,,,,
Karnataka,TUMAKURU,Sira,0,0,163532,NARASIPURA,610298,Narasipura,TUMAKURU,TUMAKURU.xls,1853,,,,,,,,
Karnataka,TUMAKURU,Pavagada,63832,Ryapa,163359,ROPPA,610635,Pavagada (Rural),TUMAKURU,TUMAKURU.xls,2048,,,,,,,,
Karnataka,TUMAKURU,Sira,63878,Bhuvanahalli,163579,SIRA RURAL,610386,Sira (Rural),TUMAKURU,TUMAKURU.xls,2195,,,,,,,,
Karnataka,TUMAKURU,Kunigal,63772,HUTHRIDURGA,665779,TAREMARADAPALYA,612558,Taremaradapalya,TUMAKURU,TUMAKURU.xls,2268,,,,,,,,
Karnataka,TUMAKURU,Pavagada,63855,VADANAKALLU,163463,VADANAKALLU,610544,Vadanakal,TUMAKURU,TUMAKURU.xls,2392,,,,,,,,
Karnataka,Udupi,Udupi,65033,Ambalapadi,168572,Ambalapadi,608861,Ambalpady (OG),Udupi,Udupi.xls,14,,,,,,,,
Karnataka,Udupi,Udupi,65034,Kadekaru,168575,Kadekar,608863,Kadekar (OG),Udupi,Udupi.xls,106,,,,,,,,
Karnataka,Udupi,Udupi,65031,Thenkanidiyur,168570,Kelarkalabettu,608859,Kelarkalabettu (OG),Udupi,Udupi.xls,126,,,,,,,,
Karnataka,Udupi,Udupi,65033,Ambalapadi,168574,Kidiyoor,608862,Kidiyoor (OG),Udupi,Udupi.xls,133,,,,,,,,
Karnataka,Udupi,Udupi,65034,Kadekaru,168576,Kuthpadi,608864,Kuthpady (OG),Udupi,Udupi.xls,155,,,,,,,,
Karnataka,Uttara Kannada,DANDELI,64030,AMBIKANAGAR,164733,AMGA *,602789,Amga,Uttara Kannada,Uttara Kannada.xls,49,,,,,,,,
Karnataka,Uttara Kannada,Ankola,63998,Bobruwada,164600,Bobruwada,603405,Bobruwada (CT),Uttara Kannada,Uttara Kannada.xls,227,,,,,,,,
Karnataka,Uttara Kannada,Mundgod,64110,Malagi,165115,Borangudde (a),603061,Borangudde,Uttara Kannada,Uttara Kannada.xls,235,,,,,,,,
Karnataka,Uttara Kannada,Haliyal,64028,JANAGA,164724,CHINAGINKOP,602873,CHINAGINKOP,Uttara Kannada,Uttara Kannada.xls,268,,,,,,,,
Karnataka,Uttara Kannada,Karwar,64087,Chittakula,164992,Chitakula,602629,Chitakula (OG),Uttara Kannada,Uttara Kannada.xls,272,,,,,,,,
Karnataka,Uttara Kannada,Kumta,64099,Hegde,165061,Hegde,603452,Hegde(Part),Uttara Kannada,Uttara Kannada.xls,452,,,,,,,,
Karnataka,Uttara Kannada,Kumta,64095,Holangadde,165015,Holanagadde,603436,Holanagadde(Part),Uttara Kannada,Uttara Kannada.xls,494,,,,,,,,
Karnataka,Uttara Kannada,Mundgod,64114,Pala,165139,Ingalki,603068,Ingalki,Uttara Kannada,Uttara Kannada.xls,558,,,,,,,,
Karnataka,Uttara Kannada,DANDELI,64030,AMBIKANAGAR,164728,JAMAGA *,602788,Jamaga,Uttara Kannada,Uttara Kannada.xls,570,,,,,,,,
Karnataka,Uttara Kannada,Honavar,64051,Navilgone,164859,Kakurve,603732,Kakurve,Uttara Kannada,Uttara Kannada.xls,604,,,,,,,,
Karnataka,Uttara Kannada,Kumta,64109,Kalbhag,165113,Kalbhag *,603528,Kalbagh (OG),Uttara Kannada,Uttara Kannada.xls,611,,,,,,,,
Karnataka,Uttara Kannada,Ankola,63996,AGSUR,697070,KANCHINMALE,603344,KANCHINMALE,Uttara Kannada,Uttara Kannada.xls,652,,,,,,,,
Karnataka,Uttara Kannada,Haliyal,64035,Gundolli,164779,Kumbarkop,602756,Kumbarkop,Uttara Kannada,Uttara Kannada.xls,796,,,,,,,,
Karnataka,Uttara Kannada,Ankola,64011,HATTIKERI,164658,Lakkeguli,603337,Lakkeguli,Uttara Kannada,Uttara Kannada.xls,826,,,,,,,,
Karnataka,Uttara Kannada,Ankola,63994,Vandige,164580,Laxmeshwar,603408,Laxmeshwar (OG),Uttara Kannada,Uttara Kannada.xls,831,,,,,,,,
Karnataka,Uttara Kannada,Siddapur,64127,Hasaragod,165244,Malubalgar,603581,Malubalgar,Uttara Kannada,Uttara Kannada.xls,869,,,,,,,,
Karnataka,Uttara Kannada,Haliyal,64036,CHIBBALGERI`,164790,Malwadi,602799,Malawadi,Uttara Kannada,Uttara Kannada.xls,872,,,,,,,,
Karnataka,Uttara Kannada,Ankola,64011,HATTIKERI,693179,NELLURKANCHINBAIL,603334,NELLURKANCHINBAIL,Uttara Kannada,Uttara Kannada.xls,994,,,,,,,,
Karnataka,Uttara Kannada,Ankola,63993,Alageri,164577,Shirkuli,603406,Shirkuli (OG),Uttara Kannada,Uttara Kannada.xls,1099,,,,,,,,
Karnataka,Uttara Kannada,Ankola,63998,Bobruwada,164602,Tenkankeri,603407,Tenkankeri (OG),Uttara Kannada,Uttara Kannada.xls,1158,,,,,,,,
Karnataka,Uttara Kannada,Ankola,63994,Vandige,164581,Vandige,603409,Vandige (OG),Uttara Kannada,Uttara Kannada.xls,1212,,,,,,,,
Karnataka,VIJAYAPURA,BABALESHWAR,60946,Arjungi,146012,ARAJUNAGI,599121,Arjunagi,VIJAYAPURA,VIJAYAPURA.xls,31,,,,,,,,
Karnataka,VIJAYAPURA,NIDAGUNDI,299790,GANI R C,145907,BISALAKOPPA,599476,Bisalakoppa (R.C),VIJAYAPURA,VIJAYAPURA.xls,102,,,,,,,,
Karnataka,VIJAYAPURA,BABALESHWAR,60983,SARAWAD,701085,DADAMATTI,599114,DADAMATTI,VIJAYAPURA,VIJAYAPURA.xls,150,,,,,,,,
Karnataka,VIJAYAPURA,BABALESHWAR,60970,KAMBAGI,697270,HANUMASAGAR,599131,HANUMASAGAR,VIJAYAPURA,VIJAYAPURA.xls,251,,,,,,,,
Karnataka,VIJAYAPURA,Muddebihal,61042,BIJJUR,146267,INGALAGI,599673,Ingalagi,VIJAYAPURA,VIJAYAPURA.xls,293,,,,,,,,
Karnataka,VIJAYAPURA,Muddebihal,61060,RAKKASAGI,146351,KAPANUR,599642,Kapanur,VIJAYAPURA,VIJAYAPURA.xls,351,,,,,,,,
Karnataka,VIJAYAPURA,KOLHAR,60933,RONIHAL,692353,MUTTALADINNI,599456,MUTTALADINNI,VIJAYAPURA,VIJAYAPURA.xls,475,,,,,,,,
Karnataka,VIJAYAPURA,BABALESHWAR,60959,HALAGANI,701084,SANGAPUR(H),599126,SANGAPUR(H),VIJAYAPURA,VIJAYAPURA.xls,538,,,,,,,,
Karnataka,VIJAYAPURA,Thikota,60985,Siddapur-K,146101,SIDDAPUR K,599040,Siddapura,VIJAYAPURA,VIJAYAPURA.xls,574,,,,,,,,
Karnataka,VIJAYAPURA,Thikota,60985,Siddapur-K,693324,SIDDAPUR K,599047,SIDDAPUR K,VIJAYAPURA,VIJAYAPURA.xls,575,,,,,,,,
Karnataka,VIJAYAPURA,Vijayapura,60989,TIKOTA,146110,TIKOTA,939739,TIKOTA,VIJAYAPURA,VIJAYAPURA.xls,610,,,,,,,,
Karnataka,Vijayanagar,HAGARIBOMMANAHALLI,60616,BACHIGUNDANAHALLI,144885,ANANDADEVANAHALLI,924266,ADAVI ANANDA DEVANAHALLI,Vijayanagar,Vijayanagar.xls,16,,,,,,,,
Karnataka,Vijayanagar,HAGARIBOMMANAHALLI,60621,KADLEBALU,144900,ANANDADEVANAHALLI,604660,HOSANANDEVANAHALLI,Vijayanagar,Vijayanagar.xls,17,,,,,,,,
Karnataka,Vijayanagar,HAGARIBOMMANAHALLI,299924,MADHURU,665636,ANEKAL THANDA,917668,ANEKALLU THANDA,Vijayanagar,Vijayanagar.xls,19,,,,,,,,
Karnataka,Vijayanagar,HAGARIBOMMANAHALLI,60616,BACHIGUNDANAHALLI,144888,BACHIGUNDANAHALLI 2,924267,CHILUGODU,Vijayanagar,Vijayanagar.xls,27,,,,,,,,
Karnataka,Vijayanagar,HAGARIBOMMANAHALLI,300092,VALLABHAPURA,144894,BALLAHUNSI,604662,Bellahunshi,Vijayanagar,Vijayanagar.xls,30,,,,,,,,
Karnataka,Vijayanagar,Hosapete,60624,NAGENAHALLI,671295,Basavanadurga,604709,Basavanadurga,Vijayanagar,Vijayanagar.xls,36,,,,,,,,
Karnataka,Vijayanagar,Hosapete,60624,NAGENAHALLI,144905,BELAGODU,604720,Belagodu,Vijayanagar,Vijayanagar.xls,38,,,,,,,,
Karnataka,Vijayanagar,HAGARIBOMMANAHALLI,60621,KADLEBALU,144899,KADLEBALU,926648,BYALALU,Vijayanagar,Vijayanagar.xls,156,,,,,,,,
Karnataka,Vijayanagar,Hosapete,60646,SEETHARAMA THANDA,144976,SEETHARAM THANDA,941959,Seetharama Thanda,Vijayanagar,Vijayanagar.xls,267,,,,,,,,
Karnataka,Yadgir,WADAGERA,62017,GONAL,150136,SANGAM,621220,Sangam,Yadgir,Yadgir.xls,383,,,,,,,,
Karnataka,Yadgir,HUNASAGI,62053,Arakera J.,589480,SHAKHAPUR,621066,Shakhapur,Yadgir,Yadgir.xls,391,,,,,,,,
