match_score,match_method,jjm_village,lgd_village,shrug_village,shrug_place,jjm_district,shrug_district,jjm_block,shrug_subdistrict,jjm_panchayat,jjm_village_id,lgd_village_id,jjm_panchayat_id,shrid2
100.0,manual,Kotgyal,Kotgiyal,kotgyal,kotgyal,Bidar,bidar,Bhalki,aurad,Nittur (b),145624,599888,60830,11-29-558-05456-600002
100.0,manual,GUNDLAHALLI,GUNDLAHALLY(M),gundlahalli,gundlahalli,Chikkaballapura,chikkaballapura,Gudibanda,gauribidanur,SOMENAHALLI,154772,926163,62603,11-29-582-05595-623343
100.0,manual,NALLARALLAHALLI,NALLARALLAHALLI,nallarallahalli,nallarallahalli,Chikkaballapura,chikkaballapura,Chintamani,sidlaghatta,MINDIGAL,664947,917236,299794,11-29-582-05599-624067
100.0,manual,THOKALAHALLI,Thokalahalli,thokalahalli,thokalahalli,Chikkaballapura,chikkaballapura,Sidlaghatta,gauribidanur,THIMMANAYAKANAHALLI,665126,624094,62703,11-29-582-05595-623309
100.0,manual,YALAGALAHALLI,YALAGALAHALLI,yalagalahalli,yalagalahalli,Chikkaballapura,chikkaballapura,Sidlaghatta,chikkaballapura,DIBBURAHALLI,155760,926194,62704,11-29-582-05596-623456
100.0,manual,Byrapura,Byrapura,byrapura,byrapura,Chitradurga,chitradurga,Molakalmuru,hosdurga,Chikkirahalli,170195,605191,65353,11-29-566-05507-605873
100.0,manual,Doddagatta,Doddagatta,doddagatta,doddagatta,Chitradurga,chitradurga,Chitradurga,hosdurga,Turuvanur,663987,605501,65227,11-29-566-05507-605905
100.0,manual,Garaga,Garaga,garaga,garaga,Chitradurga,chitradurga,Holalkere,hosdurga,SHIVAGANGA,589825,605724,65327,11-29-566-05507-605984
100.0,manual,Halumadenahalli,Haladyamenahalli,halumadenahalli,halumadenahalli,Chitradurga,chitradurga,Hiriyur,hiriyur,Yelladakere,169566,606150,65264,11-29-566-05508-606196
100.0,manual,Hosakere,HOSAKERE,hosakere,hosakere,Chitradurga,chitradurga,Hosdurga,hiriyur,Thandaga,663963,927609,65294,11-29-566-05508-606104
100.0,manual,Ankanahalli,Ankanahalli,ankanahalli,ankanahalli,Hassan,hassan,Hassan,hassan,Ankapura,152553,616188,62285,11-29-574-05556-616126
100.0,manual,Byadarahalli,Byadarahalli,byadarahalli,byadarahalli,Hassan,hassan,Arsikere,hassan,PURALEHALLI,151440,615586,62184,11-29-574-05556-616116
100.0,manual,C. Hosahalli,C.HOSAHALLI,c hosahalli,c hosahalli,Hassan,hassan,Belur,alur,IBBEDU,151902,615309,62221,11-29-574-05557-616323
100.0,manual,Gollarahalli,Gollarahalli,gollarahalli,gollarahalli,Hassan,hassan,Arsikere,arsikere,BELAGUMBA,151197,615748,62165,11-29-574-05555-615788
100.0,manual,Guddenahalli,Guddenahalli (OG),guddenahalli,guddenahalli,Hassan,hassan,Hassan,arsikere,Handinakere,152531,616231,62283,11-29-574-05555-615835
100.0,manual,Hirebelaguli,Hirebelaguli Hantha,hirebelaguli,hirebelaguli,Hassan,hassan,Holenarsipur,hole narsipur,Kattebelaguli,152913,616812,62327,11-29-574-05559-616811
100.0,manual,Kodihalli,Kodihalli,kodihalli,kodihalli,Hassan,hassan,Belur,belur,Bichodu,151762,615436,62211,11-29-574-05554-615283
100.0,manual,Yadiyur,Yadiyur,yadiyur,yadiyur,Hassan,hassan,Arkalgud,hassan,Doddabemmathi,150820,616736,62130,11-29-574-05556-616053
100.0,manual,Kunnur,Gudageri,kunnur,kunnur,Haveri,haveri,Shiggaon,shiggaon,Kunnoor,167164,603884,64622,11-29-564-05489-603886
100.0,manual,Ramapur,RAMAPUR,ramapur,ramapur,Haveri,haveri,Hanagal,haveri,Aladakatti,637734,924839,299956,11-29-564-05492-604219
100.0,manual,HONNAHANAKODU,GEJJEHANAKODU,honnahanakodu,honnahanakodu,Kodagu,kodagu,Somvarpet,somvarpet,Doddamolathe,153441,923949,62402,11-29-576-05567-617902
100.0,manual,V Badaga,KANDAGALA,v badaga,v badaga,Kodagu,kodagu,Virajpet,virajpet,BITTANGALA,153530,924037,62435,11-29-576-05568-618013
100.0,manual,CHANNIGARAYAPURA,Channarayapura,channigarayapura,channigarayapura,Kolar,kolar,Malur,malur,Madivala,155147,622219,62644,11-29-581-05592-622137
100.0,manual,Kurubarahalli,Kurubarahalli,kurubarahalli,kurubarahalli,Kolar,kolar,Kolar,srinivaspur,Doodahasala,155040,622080,62630,11-29-581-05590-621678
100.0,manual,UPASAPURA,Upasapura,upasapura,upasapura,Kolar,kolar,Malur,bangarapet,Nosagere,155249,622436,62652,11-29-581-05593-622569
100.0,manual,VENKATAPURA,VENKATAPURA,venkatapura,venkatapura,Kolar,kolar,Malur,kolar,HASANDAHALLI,155386,622357,62647,11-29-581-05591-621859
100.0,manual,Konapur,Konapur,konapur,konapur,Koppal,koppal,Kushtagi,kushtagi,Jahagirgudadur,166027,601521,64239,11-29-560-05465-601392
100.0,manual,Basavanahalli,Basavana Halli,basavanahalli,basavanahalli,Mandya,mandya,Malvalli,malavalli,H.basapura,157065,614697,62885,11-29-573-05552-614788
100.0,manual,Halagapura,Halaganadoddi,halagapura,halagapura,Mandya,mandya,Malvalli,malavalli,Bydarahalli,665310,614776,62886,11-29-573-05552-614781
100.0,manual,Hemmadahalli,HEMMADAHALLY,hemmadahalli,hemmadahalli,Mandya,mandya,Krishnarajpet,krishnarajpet,Ballekere,156653,926858,62797,11-29-573-05546-613495
100.0,manual,Kenchanahalli,Kanchanahalli,kenchanahalli,kenchanahalli,Mandya,mandya,Pandavapura,pandavapura,T.S.CHATRA,157708,614083,62975,11-29-573-05548-614159
100.0,manual,N.kodihalli,N.KODIHALLI,n kodihalli,n kodihalli,Mandya,mandya,Malvalli,maddur,T.k.halli,157095,614762,62891,11-29-573-05551-614523
100.0,manual,Ragimuddanahalli,Moodanahalli,ragimuddanahalli,ragimuddanahalli,Mandya,mandya,Pandavapura,mandya,Gummanahalli,665972,614127,62965,11-29-573-05550-614461
100.0,manual,HOSAGABBADI,Gabbadi,hosagabbadi,hosagabbadi,RAMANAGARA,ramanagara,Kanakapura,kanakapura,KAGGALAHALLI,142980,626344,59963,11-29-584-05608-626345
100.0,manual,HOSAHALLI,Hosahalli,hosahalli,hosahalli,RAMANAGARA,ramanagara,Kanakapura,kanakapura,Arekattedoddi(Kachuvanahalli),142962,626506,59959,11-29-584-05608-626400
100.0,manual,NAGLAPUR,NAGLAPUR,naglapur,naglapur,Raichur,raichur,Devadurga,raichur,Somanamaradi,699918,600575,299870,11-29-559-05461-600846
100.0,manual,Kumbarkop,Kumbarkop,kumbarkop,kumbarkop,Uttara Kannada,uttara kannada,Haliyal,haliyal,Gundolli,164779,602756,64035,11-29-563-05480-602813
100.0,manual,Malwadi,Malawadi,malwadi,malwadi,Uttara Kannada,uttara kannada,Haliyal,haliyal,CHIBBALGERI`,164790,602799,64036,11-29-563-05480-602869
100.0,manual,SHAKHAPUR,Shakhapur,shakhapur,shakhapur,Yadgir,yadgir,HUNASAGI,shorapur,Arakera J.,589480,621066,62053,11-29-580-05587-620923
91.66666666666669,fuzzy,ARISINAKUNTE,ARISHINAKUNTE,,arasinakunte,BENGALURU RURAL,bangalore rural,Devanhalli,nelamangala,NALLURU,588424,938780,59868,11-29-583-05601-624949
100.0,fuzzy,BANAHALLY,Banahalli,tharabanahalli,tharabanahalli,BENGALURU RURAL,bangalore rural,Hoskote,dod ballapur,NANDAGUDI,142797,625675,59935,11-29-583-05602-625189
100.0,fuzzy,CHIKKA HOSAHALLI,Chikkahosahalli (D),hosahalli,hosahalli,BENGALURU RURAL,bangalore rural,Devanhalli,nelamangala,Bettekote,594614,910262,59881,11-29-583-05601-624758
87.5,fuzzy,CHIKKAMARALLI,ChikkaMurali,marohalli,marohalli,BENGALURU RURAL,bangalore rural,Devanhalli,nelamangala,BIJJAVARA,594616,910246,59886,11-29-583-05601-624857
88.88888888888889,fuzzy,DARGAJOGIHALLI,Dargajogihalli (OG),jogahalli,jogahalli,BENGALURU RURAL,bangalore rural,Dodballapur,devanahalli,DARGAJOGIHALLI,142411,625247,59894,11-29-583-05603-625396
75.0,fuzzy,DINNURU,Dinnur,gonur,gonur,BENGALURU RURAL,bangalore rural,Devanhalli,devanahalli,Alooru Duddanahalli,142209,910230,299517,11-29-583-05603-625319
88.88888888888889,fuzzy,G.HOSAHALLY,Gururayana Hosur,hosahalli,hosahalli,BENGALURU RURAL,bangalore rural,Devanhalli,nelamangala,BIJJAVARA,142356,625320,59886,11-29-583-05601-624758
100.0,fuzzy,MUTHUKADAHALLY,Muttugadahalli,muttugadahalli,muttugadahalli,BENGALURU RURAL,bangalore rural,Dodballapur,dod ballapur,HULIKUNTE,142491,625067,59903,11-29-583-05602-625185
100.0,fuzzy,NAGENAHALLY,Nagenahalli,subraya nagenahalli,subraya nagenahalli,BENGALURU RURAL,bangalore rural,Devanhalli,dod ballapur,G.CHOWDAPANAHALLY,142316,910258,59882,11-29-583-05602-625023
100.0,fuzzy,SRINIVASAPURA,Srinivasapura,srinivasapura,srinivasapura,BENGALURU RURAL,bangalore rural,Dodballapur,nelamangala,HANABE,142441,625114,59899,11-29-583-05601-624756
100.0,fuzzy,VENKATAPURA,Venkatapura,venkatapura,venkatapura,BENGALURU RURAL,bangalore rural,Hoskote,nelamangala,Lakkondahalli,142765,625605,59932,11-29-583-05601-624783
100.0,fuzzy,Chikkahanchinal Puk,Chinvalkoppa PU.K,hanchinal,hanchinal,Bagalkote,bagalkot,Bilagi,jamkhandi,Kollur,664350,598509,59797,11-29-556-05443-598430
80.0,fuzzy,Heggur Rc,Heggur,gangur,gangur,Bagalkote,bagalkot,Bilagi,hungund,Heggura,141893,598506,299899,11-29-556-05448-598928
84.61538461538461,fuzzy,HIREMURAMATTI,Hiremuramatti,chikkmuramatti,chikkmuramatti,Bagalkote,bagalkot,Bagalkot,bagalkot,Hiregulabal,141504,598809,59688,11-29-556-05447-598808
100.0,fuzzy,Lingapur Sr Rc,Lingapur.S.R PU.K,lingapur,lingapur,Bagalkote,bagalkot,Bilagi,badami,Heggura,588589,598507,299899,11-29-556-05446-598665
93.33333333333331,fuzzy,Mamatageri,Mamatageri,katageri,katageri,Bagalkote,bagalkot,Badami,badami,Mamtageri,141749,598704,59767,11-29-556-05446-598661
90.0,fuzzy,GIRENAHALLI,GIRENAHALLI,nagenahalli,nagenahalli,Ballari,bellary,Sandur,hospet,0,702878,924424,0,11-29-565-05498-604722
88.88888888888889,fuzzy,Huchenahalli,HUCHCHENAHALLI,meenahalli,meenahalli,Ballari,bellary,Sandur,bellary,H K Halli,665619,917702,299931,11-29-565-05500-604939
93.75,fuzzy,Jodikasanayakanahalli,Jodikasinayakanahalli,sirinayakanahalli,sirinayakanahalli,Ballari,bellary,Sandur,kudligi,Bommagatta,145106,604980,60692,11-29-565-05502-605060
90.9090909090909,fuzzy,Athani Rural,Athani (Rural) (Part),,athni,Belagavi,belgaum,Athni,athni,Athani (Grameen),143618,597300,60054,11-29-555-05434-803024
87.5,fuzzy,Benakanahalli,Benakanahalli (CT),adahalli,adahalli,Belagavi,belgaum,Belagavi,athni,Benakanhalli,143751,597799,60138,11-29-555-05434-597334
100.0,fuzzy,Budihal,Budihal,budihal,budihal,Belagavi,belgaum,Gokak,chikodi,Suladhala,143954,597497,60244,11-29-555-05433-597134
100.0,fuzzy,Chandur,Chandur,chandur,chandur,Belagavi,belgaum,Belagavi,chikodi,Sulebhavi,143724,597756,60125,11-29-555-05433-597179
92.3076923076923,fuzzy,Chikkud,Chikkud,chikkulligeri,chikkulligeri,Belagavi,belgaum,Athni,parasgad,Saptasagar,661637,597308,60084,11-29-555-05441-598243
100.0,fuzzy,Dharanatti,Rangadholi,dharanatti,dharanatti,Belagavi,belgaum,Belagavi,belgaum,Dharanatti,661560,597701,60141,11-29-555-05438-597696
100.0,fuzzy,Dhupadal,Dhupdal,dhupadal,dhupadal,Belagavi,belgaum,Savadathi,gokak,Yakkundi,144410,598228,60415,11-29-555-05436-597442
92.3076923076923,fuzzy,Gaddikaravinakoppa,Gaddikurvinkoppa,kuravinakoppa,kuravinakoppa,Belagavi,belgaum,Bylahongal,parasgad,Chikkabagewadi,144609,598062,60501,11-29-555-05441-598270
94.11764705882354,fuzzy,Gaundawad,Goundawad (Part),goudawad,goudawad,Belagavi,belgaum,Belagavi,hukeri,Kangrali B.K,143707,597691,60116,11-29-555-05437-597611
90.9090909090909,fuzzy,Halgimardi,SU HALAGIMARDI,maradi,maradi,Belagavi,belgaum,Belagavi,raybag,K. K. Koppa,143750,939170,60137,11-29-555-05435-597367
100.0,fuzzy,Hanchinal K.k.,Hanchinal (K.K.),hanchinal k s,hanchinal k s,Belagavi,belgaum,Chikodi,chikodi,Karagaon,143839,597236,60196,11-29-555-05433-597122
90.9090909090909,fuzzy,Hebbanatti,Habbanatti,hebbal,hebbal,Belagavi,belgaum,Khanapur,hukeri,Amate,144201,597819,60349,11-29-555-05437-597576
100.0,fuzzy,Hidkal,Hidakal,hidakal,hidakal,Belagavi,belgaum,Raybag,raybag,Hidkal,144446,597617,60438,11-29-555-05435-597402
100.0,fuzzy,Hulikatti,Hulikatti,hulikatti,hulikatti,Belagavi,belgaum,Belagavi,gokak,Aralikatti,143664,597778,60097,11-29-555-05436-597482
90.9090909090909,fuzzy,Hunnur,HONNUR,kunnur,kunnur,Belagavi,belgaum,Hukeri,chikodi,Hosur,664341,939177,60305,11-29-555-05433-597158
83.33333333333334,fuzzy,Kakati,Kakati (CT),devanakatti,devanakatti,Belagavi,belgaum,Belagavi,raybag,Kakti,143709,597792,60117,11-29-555-05435-597368
100.0,fuzzy,Kallur,Kallur,kallur,kallur,Belagavi,belgaum,Bylahongal,ramdurg,Maradinagalapur,144601,598064,60499,11-29-555-05442-598391
87.5,fuzzy,Kolikoppa,Kolikopp,jalikoppa,jalikoppa,Belagavi,belgaum,Belagavi,sampgaon,Tarihal,143726,597777,60126,11-29-555-05440-598136
82.35294117647058,fuzzy,LAXMESHWAR,Lagameshwar,dhavaleshwar,dhavaleshwar,Belagavi,belgaum,MUDALAGI,gokak,Sunadholi,662242,597494,60270,11-29-555-05436-597508
80.0,fuzzy,Majati,MAJATI,majalatti,majalatti,Belagavi,belgaum,Hukeri,chikodi,Naganur K D,664305,923726,60294,11-29-555-05433-597229
80.0,fuzzy,Managoan,MANAGOAN,khanagaon,khanagaon,Belagavi,belgaum,Hukeri,gokak,Naganur K D,664307,923727,60294,11-29-555-05436-597489
84.21052631578947,fuzzy,Mattikoppa,Mattikoppa,dastikoppa,dastikoppa,Belagavi,belgaum,Bylahongal,sampgaon,Sutagatti,144580,598039,60491,11-29-555-05440-598076
100.0,fuzzy,Morab,Morab,morab,morab,Belagavi,belgaum,Khanapur,raybag,Bailur,144205,597822,60350,11-29-555-05435-597397
100.0,fuzzy,Mutnal,Mutnal,mutnal,mutnal,Belagavi,belgaum,Gokak,belgaum,Nandagaon,662240,597437,60247,11-29-555-05438-597791
93.33333333333331,fuzzy,Parakanatti,PARAKANATTI,khanatti,khanatti,Belagavi,belgaum,Hukeri,gokak,Mavanur,664359,923725,60320,11-29-555-05436-597421
100.0,fuzzy,Piranawadi,Peeranwadi (CT),adi,adi,Belagavi,belgaum,Belagavi,chikodi,Piranawadi,143704,597800,60114,11-29-555-05433-597129
94.73684210526316,fuzzy,Shindolli,Shindoli (Part),shindholli,shindholli,Belagavi,belgaum,Belagavi,khanapur,Nilaji,143767,597766,60143,11-29-555-05439-597940
100.0,fuzzy,Sultanpur,Sultanpur,sultanpur,sultanpur,Belagavi,belgaum,Hukeri,raybag,Sulthanaput,144058,597607,60308,11-29-555-05435-597411
83.33333333333334,fuzzy,Turanur,Turanur (Part),kamatanur,kamatanur,Belagavi,belgaum,Ramdurg,hukeri,Turanur,144521,598376,60470,11-29-555-05437-597571
100.0,fuzzy,Wadishidlihal,WADISHIDLIHAL,adi,adi,Belagavi,belgaum,Hukeri,chikodi,Naganur K D,664306,923728,60294,11-29-555-05433-597129
93.33333333333331,fuzzy,Yakkundi,Yakkundi,lakkundi,lakkundi,Belagavi,belgaum,Savadathi,sampgaon,Yakkundi,144408,598229,60415,11-29-555-05440-598045
100.0,fuzzy,B K PALYA,Arebinnamangala,arebinnamangala,arebinnamangala,Bengaluru Urban,bangalore,YELAHANKA,bangalore north,Bandikodagehalli,148215,938495,61391,11-29-572-05542-612924
75.0,fuzzy,Bande Hosur,AMANI BAIRATIKHANE,solur,solur,Bengaluru Urban,bangalore,Bengaluru East,anekal,Kannuru,665183,938226,61437,11-29-572-05545-613332
100.0,fuzzy,BHEEMANAKUPPE RAMASAGARA,BHEEMANAKUPPE RAMASAGARA,bheemanakuppe,bheemanakuppe,Bengaluru Urban,bangalore,Bengaluru South,bangalore south,Ramohalli,693546,613014,61419,11-29-572-05543-613017
88.88888888888889,fuzzy,Byrasandra,BYRASANDRA,marasandra,marasandra,Bengaluru Urban,bangalore,Bengaluru South,bangalore north,Agara,665556,924146,61416,11-29-572-05542-612930
100.0,fuzzy,Channadasipalya,ARAKERE,arakere,arakere,Bengaluru Urban,bangalore,Bengaluru South,bangalore north,Channenahalli,665221,938427,299653,11-29-572-05542-612835
84.21052631578947,fuzzy,Chikka Gubbi,Chikkagubbi (OG),,chikkabidarakallu,Bengaluru Urban,bangalore,Bengaluru East,bangalore north,Kannuru,148441,613125,61437,11-29-572-05542-612952
83.33333333333334,fuzzy,Chikkagollarahatti,BAGALAGUNTE,bagalur,bagalur,Bengaluru Urban,bangalore,Bengaluru North,bangalore north,Kachohalli,665302,938346,299657,11-29-572-05542-612915
90.9090909090909,fuzzy,Chikkakodige Halli,VYYALIKAVAL,kodigehalli,kodigehalli,Bengaluru Urban,bangalore,Bengaluru North,bangalore east,Kodigehalli,665469,939476,61368,11-29-572-05544-613093
100.0,fuzzy,Devegere,AGARA (BEGUR HOBLI),hanumantha sagara,hanumantha sagara,Bengaluru Urban,bangalore,Bengaluru South,bangalore north,K.Gollahalli,148335,939479,61417,11-29-572-05542-612776
76.19047619047619,fuzzy,Dodda Thogur,CHIKKATOGURU,dodda hagade,dodda hagade,Bengaluru Urban,bangalore,Bengaluru South,anekal,Doddathoguru,148268,938419,61401,11-29-572-05545-613313
75.0,fuzzy,Doddagubbi,Doddagubbi (OG),doddabanahalli,doddabanahalli,Bengaluru Urban,bangalore,Bengaluru East,bangalore east,Doddagubbi,148451,613126,61438,11-29-572-05544-613105
100.0,fuzzy,Doddapalya,AGRAHARA THIMMASANDRA,thimmasandra,thimmasandra,Bengaluru Urban,bangalore,Bengaluru North,bangalore north,Huskuru,665288,939406,61373,11-29-572-05542-612893
90.9090909090909,fuzzy,Gangadipura,VISHVANATHA NAGENAHALLI,naganahalli,naganahalli,Bengaluru Urban,bangalore,Bengaluru North,bangalore south,Kodigehalli,665474,938343,61368,11-29-572-05543-612960
100.0,fuzzy,Giddenahalli,Giddenahalli,giddenahalli,giddenahalli,Bengaluru Urban,bangalore,Anekal,bangalore north,Kallubalu,147905,613286,61343,11-29-572-05542-612812
100.0,fuzzy,Gollahalli,GOLLAHALLI,gollahalli,gollahalli,Bengaluru Urban,bangalore,Bengaluru South,bangalore north,Chikkanahalli,665865,924158,61442,11-29-572-05542-612923
100.0,fuzzy,Gopalanagara,MARENAHALLI ( UTTARAHALLI HOBLI),marenahalli,marenahalli,Bengaluru Urban,bangalore,Bengaluru South,bangalore north,Chunchanakuppe,665578,939488,61441,11-29-572-05542-612929
100.0,fuzzy,GOPALPURA,CHIKKABOMMASANDRA,,bommasandra,Bengaluru Urban,bangalore,YELAHANKA,anekal,Marenahalli,148227,938533,61392,11-29-572-05545-613357
100.0,fuzzy,Govindashettipalya,AVALAHALLI,avalahalli,avalahalli,Bengaluru Urban,bangalore,Bengaluru South,bangalore north,Konappana Agrahara,148280,938477,61403,11-29-572-05542-612939
100.0,fuzzy,Gururayanapura,SONNENAHALLI (KOTLU K.G),sonnenahalli,sonnenahalli,Bengaluru Urban,bangalore,Bengaluru South,bangalore north,Chunchanakuppe,148483,939493,61441,11-29-572-05542-612826
100.0,fuzzy,H. Gollahalli,HOSAKEREHALLI,gollahalli,gollahalli,Bengaluru Urban,bangalore,Bengaluru South,bangalore north,H. Gollahalli,148320,938480,259828,11-29-572-05542-612923
100.0,fuzzy,Hennagara Amanikere,Hennagara Amanikere,agara,agara,Bengaluru Urban,bangalore,Anekal,bangalore south,Hennagara,147915,613179,61345,11-29-572-05543-613039
100.0,fuzzy,HOSAHALLI,HOSAHALLI,hosahalli palya,hosahalli palya,Bengaluru Urban,bangalore,YELAHANKA,bangalore north,Sathanooru,700197,612909,299660,11-29-572-05542-612759
90.0,fuzzy,Hosapalya,CHUNCHAGHATTA,chalaghatta,chalaghatta,Bengaluru Urban,bangalore,Bengaluru South,bangalore south,Kumbalagodu,665269,938458,61418,11-29-572-05543-613019
95.23809523809524,fuzzy,KADAYARAPPANAHALLI,Bandikodegehalli Amanikere,papanahalli,papanahalli,Bengaluru Urban,bangalore,YELAHANKA,bangalore north,Bandikodagehalli,665254,612918,61391,11-29-572-05542-612892
100.0,fuzzy,Kannahalli Hosahalli,ULLALU K.G,kannahalli,kannahalli,Bengaluru Urban,bangalore,Bengaluru North,bangalore north,Kodigehalli,665471,939475,61368,11-29-572-05542-612824
80.0,fuzzy,Kannur,Kannur (OG),kannahalli,kannahalli,Bengaluru Urban,bangalore,Bengaluru East,bangalore north,Kannuru,148442,613124,61437,11-29-572-05542-612824
86.95652173913044,fuzzy,Karekalpalya,NAGANATHAPURA,adde vishwanathapura,adde vishwanathapura,Bengaluru Urban,bangalore,Bengaluru South,bangalore north,Chunchanakuppe,665567,938424,61441,11-29-572-05542-612834
100.0,fuzzy,KODIGEHALLI,KODIGEHALLI,bandi kodigehalli palya,bandi kodigehalli palya,Bengaluru Urban,bangalore,Bengaluru North,bangalore north,Kodigehalli,697341,612822,61368,11-29-572-05542-612919
100.0,fuzzy,Kodigehalli,KODIGEHALLI,bandi kodigehalli palya,bandi kodigehalli palya,Bengaluru Urban,bangalore,Bengaluru North,bangalore north,Kodigehalli,148062,612822,61368,11-29-572-05542-612919
100.0,fuzzy,Kodigehalli Harijana Colony,Thirumalapura,kodagi thirumalapura,kodagi thirumalapura,Bengaluru Urban,bangalore,Bengaluru North,bangalore north,Kodigehalli,665470,612821,61368,11-29-572-05542-612868
100.0,fuzzy,KUMBALAGODU,KUMBALAGODU,kumbalagodu gollahalli,kumbalagodu gollahalli,Bengaluru Urban,bangalore,Bengaluru South,bangalore south,Kumbalagodu,703119,613062,61418,11-29-572-05543-613027
100.0,fuzzy,Lakshmipura,RAGHAVANAPALYA,lakshmipura,lakshmipura,Bengaluru Urban,bangalore,Bengaluru South,bangalore north,Chunchanakuppe,665539,938467,61441,11-29-572-05542-612804
100.0,fuzzy,LINGARAJASAGARA,LINGARAJASAGARA,agara,agara,Bengaluru Urban,bangalore,YELAHANKA,bangalore south,KASAGATTAPURA,700202,612874,61388,11-29-572-05543-613039
90.0,fuzzy,Mahimmannanapalya,BOGENAHALLI,gadenahalli,gadenahalli,Bengaluru Urban,bangalore,Bengaluru North,bangalore north,Kadabagere,665311,939417,273464,11-29-572-05542-612886
94.11764705882352,fuzzy,Menaseganahalli,BAHDURPURA,banahalli,banahalli,Bengaluru Urban,bangalore,Anekal,anekal,Vanakanahalli,147863,939404,61337,11-29-572-05545-613243
90.0,fuzzy,Metipalya,VASANTAPURA,dasanapura,dasanapura,Bengaluru Urban,bangalore,Bengaluru South,bangalore north,Choolanayakanahalli,665502,938487,61440,11-29-572-05542-612780
100.0,fuzzy,Nagegowdanapalya,DASARAHALLI,chikkadasarahalli,chikkadasarahalli,Bengaluru Urban,bangalore,Bengaluru South,anekal,H. Gollahalli,665639,939480,259828,11-29-572-05545-613235
86.95652173913044,fuzzy,Parvathaiahana Palya,BANGALORE,huchana palya,huchana palya,Bengaluru Urban,bangalore,Bengaluru North,bangalore north,Sondekoppa,665392,939411,61377,11-29-572-05542-612762
87.5,fuzzy,Pattareddipalya,BIKASHIPURA,kodipalya,kodipalya,Bengaluru Urban,bangalore,Bengaluru South,bangalore north,Kagglipura,665227,938489,61412,11-29-572-05542-612765
91.66666666666666,fuzzy,Pitaganapalya,BARAGI MUDDENAHALLI,muddanahalli,muddanahalli,Bengaluru Urban,bangalore,Bengaluru North,bangalore north,Sondekoppa,665380,939414,61377,11-29-572-05542-612936
88.0,fuzzy,Puttaiahnapalya,BERATENA AGRAHARA,nagen agrahara,nagen agrahara,Bengaluru Urban,bangalore,Bengaluru South,anekal,Channenahalli,665199,938417,299653,11-29-572-05545-613239
94.11764705882352,fuzzy,Pylvanarapalya,AKKITHIMMANAHALLI,banahalli,banahalli,Bengaluru Urban,bangalore,Bengaluru North,anekal,Alur,665211,939407,61374,11-29-572-05545-613243
85.71428571428572,fuzzy,RAJAKSABPALYA,AMRUTAHALLI,arehalli,arehalli,Bengaluru Urban,bangalore,YELAHANKA,anekal,BAGALUR,665209,938541,61393,11-29-572-05545-613284
100.0,fuzzy,Ramasandra,BASAVANAPURA,ramasandra,ramasandra,Bengaluru Urban,bangalore,Bengaluru South,anekal,Sulikere,148353,613064,61420,11-29-572-05545-613146
85.71428571428572,fuzzy,Saalu Hunase,BILEKAHALLI,boilahalli,boilahalli,Bengaluru Urban,bangalore,Bengaluru South,bangalore north,Kagglipura,665230,938430,61412,11-29-572-05542-612905
88.88888888888889,fuzzy,Shikaripalya,KUDLU,kuduragere,kuduragere,Bengaluru Urban,bangalore,Anekal,bangalore north,Hulimangala,665581,938194,61344,11-29-572-05542-612774
90.0,fuzzy,Subbarayappanapalya,VALAGERAHALLI,jogerahalli,jogerahalli,Bengaluru Urban,bangalore,Bengaluru South,bangalore south,Chunchanakuppe,148479,938444,61441,11-29-572-05543-612961
100.0,fuzzy,Vaderahalli,VADEERA HALLI,vaderahalli,vaderahalli,Bengaluru Urban,bangalore,Bengaluru South,bangalore north,Agara,665565,924154,61416,11-29-572-05542-612772
100.0,fuzzy,Veerasandra,CHANNASANDRA,channasandra,channasandra,Bengaluru Urban,bangalore,Bengaluru South,bangalore north,Nelaguli,665285,938478,299654,11-29-572-05542-612837
85.71428571428572,fuzzy,ALIABAD (J),ALIABAD (J),kadlabad,kadlabad,Bidar,bidar,Bidar,bhalki,Aliabad (j),693388,600256,60862,11-29-558-05455-599913
88.88888888888889,fuzzy,Bompalli,Bompalli,halli,halli,Bidar,bidar,Bidar,basavakalyan,Yerrnalli,145757,600124,60864,11-29-558-05454-599780
75.0,fuzzy,Hajjargi,HAJJARAGI,dadgi,dadgi,Bidar,bidar,Bidar,bhalki,Kolar (k),588457,923711,60861,11-29-558-05455-599918
100.0,fuzzy,Hallikhed(k) Wadi,HALLIKHED(K) WADI,halli,halli,Bidar,bidar,Humnabad,basavakalyan,Hallikhed (k),664831,923715,60902,11-29-558-05454-599780
80.0,fuzzy,JAFARWADI,JAFFARWADI,,aurad,Bidar,bidar,Basavakalyan,aurad,GUNDUR,664875,923683,60788,11-29-558-05456-803059
92.3076923076923,fuzzy,Kasartugaon Wadi,Kasara Tugaon Wadi,kalsar tugaon,kalsar tugaon,Bidar,bidar,Bhalki,bhalki,Shivani,665016,599860,60838,11-29-558-05455-599859
100.0,fuzzy,Methi Melkunda Wadi,Methimelkunda Wadi,methimelkunda,methimelkunda,Bidar,bidar,Bhalki,bhalki,Methi Melkunda,595076,599875,60836,11-29-558-05455-599874
90.9090909090909,fuzzy,VITHALPUR,VITHALPUR,alipur,alipur,Bidar,bidar,Chittaguppa,homnabad,BEMALKHEDA,693389,925916,60872,11-29-558-05458-600333
100.0,fuzzy,BANANAHALLI,Devanurkaval,devanur,devanur,CHIKKAMAGALURU,chikmagalur,Kadur,kadur,Devanur,596546,609618,61191,11-29-570-05529-609636
83.33333333333334,fuzzy,BARIMALE ESTATE,Barimale Estate,alekhan estate,alekhan estate,CHIKKAMAGALURU,chikmagalur,Mudigere,mudigere,TRIPURA,147737,609937,61317,11-29-570-05531-609925
96.0,fuzzy,BASAVANAHLLI,BASAVANAHALLY,basavanahalli,basavanahalli,CHIKKAMAGALURU,chikmagalur,Tarikere,tarikere,MUDUGODU,147620,609153,61291,11-29-570-05528-609119
100.0,fuzzy,BASURU KAVAL,Basurukaval,basuru,basuru,CHIKKAMAGALURU,chikmagalur,Kadur,kadur,BASUR,146901,609409,61183,11-29-570-05529-609426
100.0,fuzzy,BELI BASAVANAHALLI,Belibasavanahalli,basavanahalli,basavanahalli,CHIKKAMAGALURU,chikmagalur,Tarikere,tarikere,KORANAHALLI,147594,609211,61285,11-29-570-05528-609119
100.0,fuzzy,CHANNAPURA,Channapura,annapura,annapura,CHIKKAMAGALURU,chikmagalur,AJJAMPURA,tarikere,BAGGAVALLI,147458,609160,61262,11-29-570-05528-609282
95.65217391304348,fuzzy,CHEERANAHALLI,Cheernanahalli Kaval,beeranahalli,beeranahalli,CHIKKAMAGALURU,chikmagalur,AJJAMPURA,tarikere,CHEERANAHALLI,147515,609270,61270,11-29-570-05528-609231
100.0,fuzzy,CHIKKA KALASAPURA,Chikkakalasapura,kalasapura,kalasapura,CHIKKAMAGALURU,chikmagalur,Chikkamagaluru,koppa,KALASAPURA,146654,609794,61132,11-29-570-05526-609017
100.0,fuzzy,GOLLARAHALLI,Gollarahalli,k gollarahalli,k gollarahalli,CHIKKAMAGALURU,chikmagalur,AJJAMPURA,tarikere,DODDABOKIKERE,147535,609202,61272,11-29-570-05528-609219
88.88888888888889,fuzzy,HEBBE,Hebbe,hebbur,hebbur,CHIKKAMAGALURU,chikmagalur,Narasimharajapura,tarikere,Honnekudige ( Hanthuvine),147430,609074,61253,11-29-570-05528-609278
100.0,fuzzy,HOSAHALLI,HOSAHALLY,kerehosahalli,kerehosahalli,CHIKKAMAGALURU,chikmagalur,Chikkamagaluru,tarikere,DASARAHALLI,665766,609791,61119,11-29-570-05528-609147
100.0,fuzzy,JAMMAPURA (M.KODIHALLI),Jammapura,pura,pura,CHIKKAMAGALURU,chikmagalur,Kadur,kadur,MALLESHWARA,596553,609437,61209,11-29-570-05529-609450
100.0,fuzzy,KACHAPURA,Kachapura,pura,pura,CHIKKAMAGALURU,chikmagalur,Kadur,kadur,KADURHALLI,596550,609508,61234,11-29-570-05529-609450
100.0,fuzzy,KURUBARAHALLI,Kurubarahalli,kurubarahalli,kurubarahalli,CHIKKAMAGALURU,chikmagalur,Kadur,tarikere,CHEELANAHALLI,146955,609503,61190,11-29-570-05528-609315
100.0,fuzzy,MAKANAHALLI,Makanahalli,makanahalli,makanahalli,CHIKKAMAGALURU,chikmagalur,AJJAMPURA,tarikere,Bukkambudi,147498,609245,61268,11-29-570-05528-609206
92.3076923076923,fuzzy,MALLIGENAHALLI,THYAGADHA BHAGI FOREST,mallenahalli,mallenahalli,CHIKKAMAGALURU,chikmagalur,Tarikere,tarikere,GULLADAMANE,664450,939544,61276,11-29-570-05528-609185
100.0,fuzzy,S. BIDARE,S. BIDARE,bidare,bidare,CHIKKAMAGALURU,chikmagalur,Kadur,chikmagalur,S.Bidre,700122,609662,61220,11-29-570-05530-609664
100.0,fuzzy,SHAKUNIPURA,Shankunipura,pura,pura,CHIKKAMAGALURU,chikmagalur,Kadur,kadur,EMMEDODDI,665727,609383,61192,11-29-570-05529-609450
100.0,fuzzy,SIDDARAHALLI,Siddarahalli,siddarahalli,siddarahalli,CHIKKAMAGALURU,chikmagalur,Tarikere,tarikere,SIDDARAHALLI,147649,609223,61297,11-29-570-05528-609152
100.0,fuzzy,SIDDEGOWDANA KOPPALU,Angajanahalli,,koppa,CHIKKAMAGALURU,chikmagalur,Kadur,koppa,0,596556,609531,0,11-29-570-05526-803144
100.0,fuzzy,SRIRAMPURA,SRIRAMPURA,pura,pura,CHIKKAMAGALURU,chikmagalur,Kadur,kadur,HARALAGATTA,664465,917153,300292,11-29-570-05529-609450
100.0,fuzzy,THIPPAGONDANAHALLI,Thippagondanahalli,thippagondanahalli,thippagondanahalli,CHIKKAMAGALURU,chikmagalur,Kadur,tarikere,Chikkadevanur,146938,609482,61188,11-29-570-05528-609294
100.0,fuzzy,V. SIDDARAHALLI,V. SIDDARAHALLI,siddarahalli,siddarahalli,CHIKKAMAGALURU,chikmagalur,Kadur,tarikere,BASUR,697144,609647,61183,11-29-570-05528-609152
94.11764705882352,fuzzy,YAREHALLY,YAREHALLY,yarehalli,yarehalli,CHIKKAMAGALURU,chikmagalur,Kadur,kadur,HULLEHALLI,147037,609374,61199,11-29-570-05529-609354
100.0,fuzzy,BALENAHALLI,BALENAHALLY(M),obalenahalli,obalenahalli,Chikkaballapura,chikkaballapura,Gudibanda,chikkaballapura,BEECHAGANAHALLY,154725,926148,62600,11-29-582-05596-623680
100.0,fuzzy,BANDARLAHALLY,Bandarlahalli,bandarlahalli,bandarlahalli,Chikkaballapura,chikkaballapura,Chintamani,gauribidanur,Kurubur,154236,624451,62536,11-29-582-05595-623284
100.0,fuzzy,BATTALAPURA,Kakarlachinte,pura,pura,Chikkaballapura,chikkaballapura,Chintamani,gauribidanur,BURUDAGUNTE,664874,624317,62557,11-29-582-05595-623394
91.66666666666666,fuzzy,BHATHALAHALLY,BHATHALAHALLY(M),bathalahalli,bathalahalli,Chikkaballapura,chikkaballapura,Gudibanda,gudibanda,Varlakonda,664505,926178,62602,11-29-582-05597-623722
95.65217391304348,fuzzy,BINGANAHALLI,BINGANAHALLI,singanahalli,singanahalli,Chikkaballapura,chikkaballapura,Chintamani,gauribidanur,Upparapet,665043,925621,62532,11-29-582-05595-623222
96.55172413793105,fuzzy,BRAHMANARAHALLY,BRAMHANARAHALLI,brahmanarahalli,brahmanarahalli,Chikkaballapura,chikkaballapura,Sidlaghatta,gudibanda,GANJIGUNTE,155890,926195,62719,11-29-582-05597-623720
94.73684210526316,fuzzy,BUDUGAVARAHALLI,BUDAGAVARAHALLI,ivarahalli,ivarahalli,Chikkaballapura,chikkaballapura,Sidlaghatta,sidlaghatta,Talakayalabetta,155748,917253,299797,11-29-582-05599-624058
94.11764705882352,fuzzy,BYARANAYAKANAHALLI,BAIRANAYAKANAHALLI.,dogaranayakanahalli,dogaranayakanahalli,Chikkaballapura,chikkaballapura,Chikballapur,sidlaghatta,Nandi,154100,939386,62522,11-29-582-05599-624147
95.23809523809524,fuzzy,CHANDAGANAHALLI,CHANDAGANAHALLI,saganahalli,saganahalli,Chikkaballapura,chikkaballapura,Sidlaghatta,gauribidanur,DIBBURAHALLI,155756,925947,62704,11-29-582-05595-623270
90.0,fuzzy,CHANNABYRENAHALLY,Chennabyrenahalli,parenahalli,parenahalli,Chikkaballapura,chikkaballapura,Gauribidanur,chikkaballapura,Chikkakurugodu,665620,623386,62563,11-29-582-05596-623479
90.0,fuzzy,CHIKKAKONDRAHALLI,CHIKKAKONDRAHALLI,sundrahalli,sundrahalli,Chikkaballapura,chikkaballapura,Chintamani,sidlaghatta,Upparapet,665045,925623,62532,11-29-582-05599-624295
100.0,fuzzy,CHITTAVALAHALLI,CHITTAVALAHALLY,avalahalli,avalahalli,Chikkaballapura,chikkaballapura,Gauribidanur,chikkaballapura,MELYA,664989,925729,62589,11-29-582-05596-623583
100.0,fuzzy,DASARENAHALLY,Dasarahalli,chikkadasarahalli,chikkadasarahalli,Chikkaballapura,chikkaballapura,Gauribidanur,sidlaghatta,D.PALYA,594771,623360,62565,11-29-582-05599-624225
95.65217391304348,fuzzy,DASARLAHALLI,DASARLAHALLI,chikkadasarahalli,chikkadasarahalli,Chikkaballapura,chikkaballapura,Sidlaghatta,sidlaghatta,Talakayalabetta,664966,926203,299797,11-29-582-05599-624225
90.0,fuzzy,DEVARAKODAHHALLI,DEVARAKONDAHALLY,varlakonda,varlakonda,Chikkaballapura,chikkaballapura,Gauribidanur,gudibanda,HALEHALLY,664995,925692,62573,11-29-582-05597-623779
88.88888888888889,fuzzy,DIGAVAKOTE,DIGAVAKOTE,yegavakote,yegavakote,Chikkaballapura,chikkaballapura,Chintamani,chintamani,PEDDUR,664984,925610,62529,11-29-582-05600-624438
100.0,fuzzy,DINNEHUNASENAHALLI,DINNEHUNASENAHALLY,hunasenahalli,hunasenahalli,Chikkaballapura,chikkaballapura,Gauribidanur,gauribidanur,MELYA,665003,925730,62589,11-29-582-05595-623271
88.0,fuzzy,GANDAMNAGENAHAIIY,GANDAMNAGENAHALLY(M),m nagenahalli,m nagenahalli,Chikkaballapura,chikkaballapura,Gudibanda,gauribidanur,BEECHAGANAHALLY,154721,926149,62600,11-29-582-05595-623409
85.71428571428572,fuzzy,GARUDACHARLAHALLY,GARUDACHARLAHALLY,haralahalli,haralahalli,Chikkaballapura,chikkaballapura,Gudibanda,sidlaghatta,HAMPASANDRA,664513,925928,62606,11-29-582-05599-624166
92.3076923076923,fuzzy,GUNTHUR GADDE,Gurralagadde,gunthurugadde,gunthurugadde,Chikkaballapura,chikkaballapura,Chintamani,chintamani,Yagavakote,154485,624453,62561,11-29-582-05600-624436
100.0,fuzzy,JADALATHIMMANAHALLY,Jadalathimmanahalli,jadalathimmanahalli,jadalathimmanahalli,Chikkaballapura,chikkaballapura,Chikballapur,chikkaballapura,AGALAGURKI,154090,623550,62520,11-29-582-05596-623627
90.0,fuzzy,JAGAREDDYHALLI,JAGAREDDTHALLY,reddihalli,reddihalli,Chikkaballapura,chikkaballapura,Gauribidanur,chikkaballapura,MELYA,665036,925731,62589,11-29-582-05596-623502
100.0,fuzzy,JARABANDANAHALLY,Jarabandahalli,jarabandahalli,jarabandahalli,Chikkaballapura,chikkaballapura,Gauribidanur,gauribidanur,JARABANDANAHALLY,154563,623238,62577,11-29-582-05595-623404
100.0,fuzzy,KADACHIKKANAHALLI,KADACHIKKANAHALLY,chikkanahalli,chikkanahalli,Chikkaballapura,chikkaballapura,Gauribidanur,chikkaballapura,HALEHALLY,665044,925694,62573,11-29-582-05596-623601
95.65217391304348,fuzzy,KAMBALAHALLY,KAMBALAHALLY,kambalahalli,kambalahalli,Chikkaballapura,chikkaballapura,Gauribidanur,gauribidanur,Bevinahalli,154629,925646,62587,11-29-582-05595-623368
94.73684210526316,fuzzy,MACHAHALLI,MACHAHALLY(M),bachahalli,bachahalli,Chikkaballapura,chikkaballapura,Gudibanda,chikkaballapura,HAMPASANDRA,154829,926155,62606,11-29-582-05596-623611
100.0,fuzzy,MADDAREDDIHALLI,MADDAREDDYHALLI(M),reddihalli,reddihalli,Chikkaballapura,chikkaballapura,Gudibanda,chikkaballapura,SOMENAHALLI,154778,926211,62603,11-29-582-05596-623502
96.0,fuzzy,MINCHANAHALLI,MINCHANAHALLY (M),chinchanahalli,chinchanahalli,Chikkaballapura,chikkaballapura,Gudibanda,gauribidanur,Tirumani,154743,926171,62601,11-29-582-05595-623335
83.33333333333334,fuzzy,MUSTURUPATNA,MUSTURUPATNA,muthur,muthur,Chikkaballapura,chikkaballapura,Chintamani,sidlaghatta,Batlahalli,664864,926136,62533,11-29-582-05599-624237
100.0,fuzzy,NALLAGUTLAHALLY,Nallaguttahalli,nallaguttahalli,nallaguttahalli,Chikkaballapura,chikkaballapura,Chintamani,chikkaballapura,Raguttahalli,154246,624454,62537,11-29-582-05596-623462
100.0,fuzzy,PULAGUNDLAHALLY,Billagundlapalli,gundlapalli,gundlapalli,Chikkaballapura,chikkaballapura,Chintamani,bagepalli,Yagavakote,154489,624404,62561,11-29-582-05598-623858
96.55172413793105,fuzzy,RAGIMAKALAHALLY,RAGIMAKALAHALLY,ragimakalahalli,ragimakalahalli,Chikkaballapura,chikkaballapura,Chintamani,chikkaballapura,Batlahalli,664865,926137,62533,11-29-582-05596-623591
84.61538461538461,fuzzy,THEELAKUNTAHALLY,THEELAKUNTAHALLY(M),balakuntahalli,balakuntahalli,Chikkaballapura,chikkaballapura,Gudibanda,chikkaballapura,Varlakonda,664535,926181,62602,11-29-582-05596-623600
100.0,fuzzy,THIPPANAHALLY,Thippenahalli,thippenahalli,thippenahalli,Chikkaballapura,chikkaballapura,Chintamani,chikkaballapura,KOTAGAL,154358,624559,62549,11-29-582-05596-623548
92.3076923076923,fuzzy,VANTURU,VANTURU,thuluvanuru,thuluvanuru,Chikkaballapura,chikkaballapura,Sidlaghatta,chintamani,Basettyhalli,665134,926191,62720,11-29-582-05600-624316
84.21052631578947,fuzzy,Ajadnagara,AJADNAGARA,sriramanagara,sriramanagara,Chitradurga,chitradurga,Chitradurga,chitradurga,Kalagere,663933,927373,65238,11-29-566-05505-605437
82.35294117647058,fuzzy,Akkithimmayanahatti,AKKITHIMMAYANAHATTI,budnahatti,budnahatti,Chitradurga,chitradurga,Hosdurga,challakere,Devapura,663797,927471,65315,11-29-566-05504-605328
82.35294117647058,fuzzy,Alamaradahatti,ALAMARADAHATTI,budnahatti,budnahatti,Chitradurga,chitradurga,Hiriyur,challakere,Suragondanahally,169737,927721,65285,11-29-566-05504-605328
95.23809523809524,fuzzy,Avalenahalli,Avalenahalli,balenahalli,balenahalli,Chitradurga,chitradurga,Chitradurga,challakere,Turuvanur,663983,605499,65227,11-29-566-05504-605345
84.21052631578948,fuzzy,B Hanumapura,B.HANUMAPURA,banapura,banapura,Chitradurga,chitradurga,Molakalmuru,hosdurga,Santhegudda,664102,927436,65345,11-29-566-05507-605998
80.0,fuzzy,B.hanumanagudda,B.HANUMANAGUDDA,hanumali,hanumali,Chitradurga,chitradurga,Molakalmuru,holalkere,Santhegudda,664103,927435,65345,11-29-566-05506-605682
95.65217391304348,fuzzy,Bangarakkanahalli,Bangarakkanahalli,jakkanahalli,jakkanahalli,Chitradurga,chitradurga,Chitradurga,holalkere,Turuvanur,663984,605497,65227,11-29-566-05506-605711
82.35294117647058,fuzzy,Bilichittyanahatti,BILICHITTYANAHATTI,budnahatti,budnahatti,Chitradurga,chitradurga,Hosdurga,challakere,Kellodu,663901,927518,65307,11-29-566-05504-605328
84.21052631578947,fuzzy,Bogalerahatti,Bogalerahatti,pelorahatti,pelorahatti,Chitradurga,chitradurga,Chitradurga,chitradurga,Turuvanur,663986,605498,65227,11-29-566-05505-605521
91.66666666666666,fuzzy,Chinnaiahnahatti,CHINNAYYANAHATTI,naikanahatti,naikanahatti,Chitradurga,chitradurga,Hiriyur,challakere,BABBUR,169710,927549,65282,11-29-566-05504-605249
82.35294117647058,fuzzy,Dasayyanahatti,DASAYYANAHATTI,budnahatti,budnahatti,Chitradurga,chitradurga,Holalkere,challakere,Madderu,663693,927665,65343,11-29-566-05504-605328
100.0,fuzzy,DEVAPURADHAHATTI,DEVAPURADHAHATTI,devapura,devapura,Chitradurga,chitradurga,Chitradurga,hosdurga,Godabanahal,695537,917180,299805,11-29-566-05507-605932
95.65217391304348,fuzzy,Doddignahal Hosahatti,DODDIGANAL HOSAHATTI,doddiganahal,doddiganahal,Chitradurga,chitradurga,Chitradurga,chitradurga,Alagawadi,663732,927134,65244,11-29-566-05505-605484
100.0,fuzzy,DONEHALL I,Donehalli Kaval,donehalli,donehalli,Chitradurga,chitradurga,Challakere,challakere,Obalapura,589269,605316,65192,11-29-566-05504-605321
85.71428571428572,fuzzy,Erajanahatti,ERAJANAHATTI,maleboranahatti,maleboranahatti,Chitradurga,chitradurga,Chitradurga,challakere,Siddapura,663970,927404,65235,11-29-566-05504-605232
82.35294117647058,fuzzy,Galirangyanahatti,GALIRANGYANAHATTI,bhairanayakanahatti,bhairanayakanahatti,Chitradurga,chitradurga,Hosdurga,challakere,Devigere,663810,927475,65317,11-29-566-05504-605245
94.73684210526316,fuzzy,Ganjigatti,GANJIGATTI,ganjigatte,ganjigatte,Chitradurga,chitradurga,Chitradurga,holalkere,Janukonda,663922,927369,65234,11-29-566-05506-605625
88.88888888888889,fuzzy,Garehatti,Cholagatta Yane Gaarehatti,kavadigarahatti,kavadigarahatti,Chitradurga,chitradurga,Chitradurga,chitradurga,Cholaghatta,169515,931789,65257,11-29-566-05505-605588
100.0,fuzzy,H S PALYA,H.S.PALYA,palya,palya,Chitradurga,chitradurga,Hosdurga,chitradurga,S NERLAKERE,663936,927538,65299,11-29-566-05505-605563
100.0,fuzzy,Hanumanahalli,HANUMANAHALLI,sringeri hanumanahalli,sringeri hanumanahalli,Chitradurga,chitradurga,Chitradurga,holalkere,Chikkabennur,663777,927174,65243,11-29-566-05506-605648
85.71428571428572,fuzzy,Hanumapura S,HANUMAPURA.S,hanumali,hanumali,Chitradurga,chitradurga,Molakalmuru,holalkere,Ashoka Siddapura,664029,927438,65360,11-29-566-05506-605682
87.5,fuzzy,Hidayathpura,HIDAYATHPURA,anthapura,anthapura,Chitradurga,chitradurga,Chitradurga,holalkere,Siddapura,663972,927408,65235,11-29-566-05506-605654
86.95652173913044,fuzzy,Hirekattegere Gollarahatti,HIREKATTEGERE-GOLLARAHATTI,mallaurahatti,mallaurahatti,Chitradurga,chitradurga,Chitradurga,challakere,Muddapura,664379,927393,65230,11-29-566-05504-605243
90.9090909090909,fuzzy,Hosuru,HOSURU,nandanahosur,nandanahosur,Chitradurga,chitradurga,Molakalmuru,holalkere,Ashoka Siddapura,664062,927440,65360,11-29-566-05506-605803
100.0,fuzzy,HULLEHAL GOLLARAHATTI,HU.GOLLARAHATTI,hullehal,hullehal,Chitradurga,chitradurga,Chitradurga,chitradurga,Yelagodu,663993,927415,65239,11-29-566-05505-605445
95.23809523809524,fuzzy,Hunasekatee,HUNASEKATEE,hunasekatte,hunasekatte,Chitradurga,chitradurga,Hosdurga,chitradurga,G.N.KERE,663853,927490,65304,11-29-566-05505-605547
95.23809523809524,fuzzy,Hunasekatti Gollarahatti,HUNASEKATTI GOLLARAHATTI,hunasekatte,hunasekatte,Chitradurga,chitradurga,Chitradurga,chitradurga,Hireguntanur,663878,927348,65246,11-29-566-05505-605547
100.0,fuzzy,Iyyanahalli Kurubarahatti,IYYANAHALLI KURUBARAHATTI,iyyanahalli,iyyanahalli,Chitradurga,chitradurga,Chitradurga,chitradurga,Iyyanahalli,663906,927361,65256,11-29-566-05505-605529
85.71428571428572,fuzzy,Kadambanakatte,Kadambanakatte,bommanakatte,bommanakatte,Chitradurga,chitradurga,Chitradurga,holalkere,Turuvanur,663989,605500,65227,11-29-566-05506-605748
88.88888888888889,fuzzy,Kambadevarahatta,KAMBADEVARAHATTA,maraghatta,maraghatta,Chitradurga,chitradurga,Holalkere,chitradurga,Adanur,663510,927631,236415,11-29-566-05505-605539
90.0,fuzzy,KAMBHATHANAHALLI,KAMBHATTANAHALLI,harenahalli,harenahalli,Chitradurga,chitradurga,Hiriyur,holalkere,Abbenahole,663818,927542,65263,11-29-566-05506-605723
80.0,fuzzy,Katihatti,KATIHATTI,mahimenahatti,mahimenahatti,Chitradurga,chitradurga,Hosdurga,molakalmuru,Chikkabyladakere,663791,927469,65303,11-29-566-05503-605197
82.35294117647058,fuzzy,Kelagalahatti,KELAGALAHATTI,alaghatta,alaghatta,Chitradurga,chitradurga,Molakalmuru,chitradurga,Hangal,664077,927422,65357,11-29-566-05505-605535
93.33333333333331,fuzzy,Kitttadahatti,KITTADAHATTI,kittadal,kittadal,Chitradurga,chitradurga,Chitradurga,hosdurga,Lakshmisagara,169456,927381,65248,11-29-566-05507-606039
100.0,fuzzy,MEDHEHALLI,Medehalli(Part),edehalli,edehalli,Chitradurga,chitradurga,Chitradurga,holalkere,MEDEHALLI,169522,605585,65259,11-29-566-05506-605753
84.21052631578947,fuzzy,Megalahatti,MEGALAHATTI,megalahalli,megalahalli,Chitradurga,chitradurga,Molakalmuru,chitradurga,Hangal,664078,927424,65357,11-29-566-05505-605551
100.0,fuzzy,MUDDAPURA MYASARAHATTY,MYASARAHATTY,muddapura,muddapura,Chitradurga,chitradurga,Chitradurga,chitradurga,Muddapura,663965,927416,65230,11-29-566-05505-605493
82.35294117647058,fuzzy,Myasarahatti,MYASARAHATTI,mayasandra,mayasandra,Chitradurga,chitradurga,Molakalmuru,hiriyur,Rayapura,664099,927396,65355,11-29-566-05508-606133
100.0,fuzzy,OBANNANAHALLI KAVAL,OBANNANAHALLI KAVAL,obannanahalli,obannanahalli,Chitradurga,chitradurga,Challakere,challakere,Gowrasamudra,696751,605277,65205,11-29-566-05504-605278
91.66666666666666,fuzzy,PANJAIAHNAHATTI,PANJAYAHATTI,obaiahnahatti,obaiahnahatti,Chitradurga,chitradurga,Chitradurga,challakere,Kogunde,664330,927375,65241,11-29-566-05504-605253
77.77777777777779,fuzzy,Rangyanauru,RANGYANAURU,ranganathapura,ranganathapura,Chitradurga,chitradurga,Hosdurga,hiriyur,Mallappanahalli,663923,927532,65319,11-29-566-05508-606169
100.0,fuzzy,Roppa,ROPPA,burujanaroppa,burujanaroppa,Chitradurga,chitradurga,Molakalmuru,hiriyur,Ashoka Siddapura,664064,927442,65360,11-29-566-05508-606048
81.81818181818181,fuzzy,S H Halli Gollarhatti,S.H.HALLI GOLLARHATTI,mallaurahatti,mallaurahatti,Chitradurga,chitradurga,Holalkere,challakere,Gungiganur,663690,927663,65333,11-29-566-05504-605243
85.71428571428572,fuzzy,Seeneerakatte,SEENEERAKATTE,neralakatte,neralakatte,Chitradurga,chitradurga,Holalkere,holalkere,Madderu,170130,927677,65343,11-29-566-05506-605804
80.0,fuzzy,T.Upparatti,Upparatti,upparigenahalli,upparigenahalli,Chitradurga,chitradurga,Chitradurga,holalkere,Turuvanur,663991,605502,65227,11-29-566-05506-605814
82.75862068965517,fuzzy,ULLAVARTHI KAVAL,ULLAVARTHI KAVAL,chikkatekalavatti kaval,chikkatekalavatti kaval,Chitradurga,chitradurga,Challakere,hosdurga,Doddaullarthi,169099,605307,65185,11-29-566-05507-606029
100.0,fuzzy,Bala,Bala (OG),kodimbala,kodimbala,Dakshina Kannada,dakshina kannada,Mangaluru,puttur,Bala,671256,617523,61549,11-29-575-05564-617728
85.71428571428572,fuzzy,Chelairu,Chelliru (OG),bellairu,bellairu,Dakshina Kannada,dakshina kannada,Mangaluru,mangalore,CHELAIRU,148758,617521,61571,11-29-575-05561-617433
80.0,fuzzy,Kemminje,Kemminje (Rural),elinje,elinje,Dakshina Kannada,dakshina kannada,Puttur,mangalore,Munduru,148816,617734,61602,11-29-575-05561-617440
83.33333333333334,fuzzy,Kuttethuru,Kuthethur (OG),elathur,elathur,Dakshina Kannada,dakshina kannada,Mangaluru,mangalore,Permude,148738,617522,61560,11-29-575-05561-617439
80.0,fuzzy,MOOLUR,Mulur (CT),kollur,kollur,Dakshina Kannada,dakshina kannada,Mangaluru,mangalore,Gurupura,674434,617507,236264,11-29-575-05561-617429
88.88888888888889,fuzzy,PADUSHEDDE,Padushedde (OG),,mudushedde,Dakshina Kannada,dakshina kannada,Mangaluru,mangalore,Moodushedde,674495,617524,61550,11-29-575-05561-617506
100.0,fuzzy,Agasanakatte,Agasanakatte,agasanakatte,agasanakatte,Davangere,davanagere,Davanagere,davanagere,Iguru,167328,606542,64663,11-29-567-05512-606624
88.88888888888889,fuzzy,Akali Katte,Akalikatti,matti,matti,Davangere,davanagere,Channagiri,davanagere,Bulasagara,167522,607016,64711,11-29-567-05512-606691
100.0,fuzzy,Basavapura,Basavapura,basavapura,basavapura,Davangere,davanagere,Channagiri,jagalur,Channeshapura,167563,606909,64722,11-29-567-05511-606451
76.92307692307692,fuzzy,Didagur,Didagur,nibagur,nibagur,Davangere,davanagere,Honnali,jagalur,Haralahalli,168015,606827,64823,11-29-567-05511-606527
100.0,fuzzy,Guddada Kumaranaha Halli,Komaranahalli,komaranahalli,komaranahalli,Davangere,davanagere,Channagiri,harihar,Guddada Kumaranahalli,167488,607066,64698,11-29-567-05509-606239
100.0,fuzzy,Hanumanahalli,Hanumanahalli,hanumanahalli,hanumanahalli,Davangere,davanagere,Davanagere,davanagere,Kurki,167410,606669,64676,11-29-567-05512-606660
95.23809523809524,fuzzy,Karalahalli,Karalahalli,haralahalli,haralahalli,Davangere,davanagere,Harihara,harihar,Sarati,167920,606271,64796,11-29-567-05509-606248
100.0,fuzzy,Kolamaghatta,Kamalapura,kamalapura,kamalapura,Davangere,davanagere,Jagalur,harihar,Pallagatte,586897,910406,64875,11-29-567-05509-606210
100.0,fuzzy,Lingapura,Lingapura,joislingapura,joislingapura,Davangere,davanagere,Davanagere,harapanahalli,Iguru,167326,606608,64663,11-29-567-05510-606325
85.71428571428572,fuzzy,NARAGINAKERE,Naraginakere,meldaginakere,meldaginakere,Davangere,davanagere,Nyamathi,jagalur,GUDDEHALLI,167981,606708,64814,11-29-567-05511-606463
100.0,fuzzy,Rangapura Thanda,Rangapura,rangapura,rangapura,Davangere,davanagere,Channagiri,jagalur,Garaga,167604,607112,64733,11-29-567-05511-606483
100.0,fuzzy,Siddapura,Siddapura,gurusiddapura,gurusiddapura,Davangere,davanagere,Channagiri,jagalur,Lingadahalli,167609,606937,64735,11-29-567-05511-606374
83.33333333333334,fuzzy,Taralabalunagara,TARALABALUNAGAR,naganur,naganur,Davangere,davanagere,Davanagere,davanagere,Belavanuru,664230,924654,64655,11-29-567-05512-606565
100.0,fuzzy,Tyavanige Thanda,Thyavanige Thanda,thyavanige,thyavanige,Davangere,davanagere,Channagiri,channagiri,Tyavanagi,595950,606925,64696,11-29-567-05514-606926
100.0,fuzzy,Yekkegondi,Yakkegondi,yakkegondi,yakkegondi,Davangere,davanagere,Channagiri,harihar,Siddanamatha,167555,606936,64720,11-29-567-05509-606258
94.73684210526316,fuzzy,Channapattana,Shirahatti (Rural),,shirhatti,Gadag,gadag,Shirahatti,shirhatti,Magadi,662140,602095,64403,11-29-561-05471-803080
87.5,fuzzy,Hosahalli,HOSAHALLI,hosalli,hosalli,Gadag,gadag,Gadag,ron,Kurtakoti,588430,924604,64392,11-29-561-05469-601950
100.0,fuzzy,B.katihalli,B.Kattihalli (OG),attihalli,attihalli,Hassan,hassan,Hassan,hassan,B.katihalli,152693,616230,62299,11-29-574-05556-615879
100.0,fuzzy,Bettasoge Hantha (b),Bettasoge Hantha,bettasoge,bettasoge,Hassan,hassan,Arkalgud,arkalgud,0,150780,616775,0,11-29-574-05558-616774
83.33333333333334,fuzzy,Chikkakondagola,Chikkakondagola(Part),chikkur,chikkur,Hassan,hassan,Hassan,arsikere,Tejur,152772,616046,62307,11-29-574-05555-615669
100.0,fuzzy,Doddamandignahalli,Doddamandiganahalli (OG),mandiganahalli,mandiganahalli,Hassan,hassan,Hassan,hassan,Kandali,152718,616232,62302,11-29-574-05556-615901
94.11764705882352,fuzzy,Kallusadarahalli,Kallu Sadarahalli,karahalli,karahalli,Hassan,hassan,Arsikere,arkalgud,Kallugundi,151303,615603,62176,11-29-574-05558-616670
100.0,fuzzy,Karle Kaval,Karle Kaval,karle,karle,Hassan,hassan,Hassan,hassan,Karle,152739,616143,62304,11-29-574-05556-616123
100.0,fuzzy,Kattaya Kaval,Kattaya Kaval,kattaya,kattaya,Hassan,hassan,Hassan,hassan,Kattaya,152474,616130,62276,11-29-574-05556-616100
100.0,fuzzy,Koranahalli,Korenahalli,korenahalli,korenahalli,Hassan,hassan,Arsikere,channarayapatna,Kachighatta,151374,615556,62181,11-29-574-05560-617419
90.0,fuzzy,Kumbaragatta,Kumbaraghatta,balaghatta,balaghatta,Hassan,hassan,Arsikere,channarayapatna,K Shankaranahalli,151329,615641,62179,11-29-574-05560-617114
100.0,fuzzy,Lakshmisagar,LAKSHMISAGARA(KASABA),lakshmisagara,lakshmisagara,Hassan,hassan,Hassan,hassan,B.katihalli,152696,939319,62299,11-29-574-05556-616068
87.5,fuzzy,Maratagere,Maratagere,attalgere,attalgere,Hassan,hassan,Arsikere,belur,PURALEHALLI,151437,615588,62184,11-29-574-05554-615226
85.71428571428572,fuzzy,Mootikere,Mootikere,katikere,katikere,Hassan,hassan,Arsikere,arsikere,Rangapura,151465,615758,62188,11-29-574-05555-615676
100.0,fuzzy,Mosalehosahalli,MOSALEHOSAHALLI,hosahalli,hosahalli,Hassan,hassan,Hassan,sakleshpur,MOSALEHOSAHALLI,152767,926830,62306,11-29-574-05553-614989
94.11764705882352,fuzzy,Ramadadevara Kaval,Ramadevarahalla Kaval,devarahalli kaval,devarahalli kaval,Hassan,hassan,Hassan,arkalgud,Seege,152526,615905,62282,11-29-574-05558-616600
100.0,fuzzy,Srirampura,Kattebelaguli Hantha,pura,pura,Hassan,hassan,Holenarsipur,belur,Kattebelaguli,589427,616806,62327,11-29-574-05554-615329
100.0,fuzzy,Thamlapura,Thamlapura (OG) (Part),pura,pura,Hassan,hassan,Hassan,belur,Haralahalli,152637,616047,62294,11-29-574-05554-615329
92.3076923076923,fuzzy,Yareborekaval,EREBOREKAVAL,karebore kaval,karebore kaval,Hassan,hassan,Hassan,hassan,Hanumanthapura,152734,938891,62303,11-29-574-05556-615960
93.33333333333331,fuzzy,Aregoppa.,Hirekanagi,tavargoppa,tavargoppa,Haveri,haveri,Hanagal,hangal,Hullatti,166656,604098,64467,11-29-564-05491-604159
85.71428571428572,fuzzy,HADE,HADE,hadrihalli,hadrihalli,Haveri,haveri,RATTIHALLI,hirekerur,KADUR,645720,924845,64536,11-29-564-05494-604385
100.0,fuzzy,ALLAPUR,Allapur (H),allapur j,allapur j,Kalaburagi,gulbarga,Aland,aland,MOGHA (K),149367,620040,299674,11-29-579-05580-620049
83.33333333333334,fuzzy,bhankur,Bhankur (OG),bhankalga,bhankalga,Kalaburagi,gulbarga,Shabad,afzalpur,Bhankor,637324,620714,61876,11-29-579-05581-620102
95.65217391304348,fuzzy,Bhogalingadalli,BOMMANAHALLI,arebommanhalli,arebommanhalli,Kalaburagi,gulbarga,Chincholi,sedam,Ainolli,149469,938551,61840,11-29-579-05584-620489
100.0,fuzzy,Hanchinal,Hanchinal Bhari,hanchinal s nelogi,hanchinal s nelogi,Kalaburagi,gulbarga,Jevargi,jevargi,Harnoor,149809,620860,61944,11-29-579-05586-620725
90.9090909090909,fuzzy,Kotnoor (d),Kotnoor Darwesh (OG),atnoor,atnoor,Kalaburagi,gulbarga,Kalaburagi,afzalpur,Nandikoor,589686,620322,61934,11-29-579-05581-620153
93.33333333333331,fuzzy,Kottapalli,Kompalli,tadpalli,tadpalli,Kalaburagi,gulbarga,Sedam,chincholi,Mudhol,665173,620568,61984,11-29-579-05583-620422
92.3076923076923,fuzzy,Kusnoor,Kusnoor (Part),bhusnoor,bhusnoor,Kalaburagi,gulbarga,Kalaburagi,aland,Kusnoor,149760,620266,61932,11-29-579-05580-620062
100.0,fuzzy,NAGARALLI,Nagarhalli,nagarhal,nagarhal,Kalaburagi,gulbarga,Yadrami,chincholi,MALLI,149881,620833,61958,11-29-579-05583-620335
100.0,fuzzy,Sangapur,Sangam[K],sangapur,sangapur,Kalaburagi,gulbarga,Chincholi,chincholi,Venktapur,149482,620441,61849,11-29-579-05583-620358
100.0,fuzzy,Seribhiknalli,SERIBIKANALLI,seri,seri,Kalaburagi,gulbarga,Chincholi,chincholi,Venktapur,662333,620370,61849,11-29-579-05583-620424
100.0,fuzzy,ATHUR,BELLURU,bettathur,bettathur,Kodagu,kodagu,Kushalanagar,madikeri,GUDDEHOSUR,153485,923974,62416,11-29-576-05566-617800
100.0,fuzzy,ATHUR,ATHUR,bettathur,bettathur,Kodagu,kodagu,Ponnampet,madikeri,HATHUR,701118,924053,62453,11-29-576-05566-617800
76.92307692307692,fuzzy,BEERUGA,BEERUGA,nerugalale,nerugalale,Kodagu,kodagu,Ponnampet,somvarpet,SRIMANGALA,661894,924064,62461,11-29-576-05567-617943
75.0,fuzzy,CHENNANGI,CHENNANGI,cherangala,cherangala,Kodagu,kodagu,Virajpet,madikeri,Chennayanakote,702204,924040,62449,11-29-576-05566-617795
90.0,fuzzy,Chennapura,CHENNAPURA,channapura,channapura,Kodagu,kodagu,Somvarpet,somvarpet,Gowdalli,153426,938979,62401,11-29-576-05567-617905
78.26086956521739,fuzzy,CHIKKA ALUVARA,CHIKKA ALUVARA,chikka tholur,chikka tholur,Kodagu,kodagu,Kushalanagar,somvarpet,Torenur,661862,924016,62421,11-29-576-05567-617925
100.0,fuzzy,GONIKOPPA,Gonikoppal (CT),,gonikoppal,Kodagu,kodagu,Ponnampet,virajpet,Gonikoppal,153632,910319,62469,11-29-576-05568-618089
80.0,fuzzy,GUDDEHOSURU,GUDDEHOSURU,kasuru,kasuru,Kodagu,kodagu,Kushalanagar,somvarpet,GUDDEHOSUR,661828,923977,62416,11-29-576-05567-617860
80.0,fuzzy,Hudur,Hudur,ist kudlur,ist kudlur,Kodagu,kodagu,Ponnampet,somvarpet,PONNAMPET,695841,924028,62468,11-29-576-05567-617872
88.88888888888889,fuzzy,HULUGUNDA,HULUGUNDA,halugunda,halugunda,Kodagu,kodagu,Kushalanagar,virajpet,0,661848,923999,0,11-29-576-05568-618018
85.71428571428572,fuzzy,KOTTURU,KOTTURU,kitturu,kitturu,Kodagu,kodagu,Madikeri,somvarpet,0,661743,923893,0,11-29-576-05567-617888
85.71428571428572,fuzzy,MADALAPURA,SHIRAHOLALU,made,made,Kodagu,kodagu,Kushalanagar,madikeri,0,661842,939033,0,11-29-576-05566-617811
85.71428571428572,fuzzy,MADAPATNA,MADAPATNA,made,made,Kodagu,kodagu,Kushalanagar,madikeri,GUDDEHOSUR,701119,923978,62416,11-29-576-05566-617811
90.0,fuzzy,MUGUTAGERI,MUGUTAGERI,mugatageri,mugatageri,Kodagu,kodagu,Ponnampet,virajpet,PONNAMPET,153578,924029,62468,11-29-576-05568-618065
100.0,fuzzy,NOKYA SIDDAPURA,NOKYA SIDDAPURA,siddapura,siddapura,Kodagu,kodagu,Ponnampet,virajpet,THITHIMATHI,702206,939080,62455,11-29-576-05568-618027
93.33333333333331,fuzzy,P PERAJE,P.PERAJE,kundalpadi peraje,kundalpadi peraje,Kodagu,kodagu,Madikeri,madikeri,Peraje,661768,923915,62383,11-29-576-05566-617808
83.33333333333334,fuzzy,Sanivarsanthe,HOSAHALLI ( SHANIVARASANTHE HOBLI),agalli,agalli,Kodagu,kodagu,Somvarpet,somvarpet,Shanivarasanthe,153385,939272,62397,11-29-576-05567-617877
78.26086956521739,fuzzy,SIDDALINGAPURA,SIDDALINGAPURA,siddapura,siddapura,Kodagu,kodagu,Kushalanagar,virajpet,Torenur,661864,924018,62421,11-29-576-05568-618027
95.23809523809524,fuzzy,SRIMANAGALA,SRIMANAGALA,cherala srimangala,cherala srimangala,Kodagu,kodagu,Ponnampet,somvarpet,SRIMANGALA,695839,924065,62461,11-29-576-05567-617967
94.11764705882354,fuzzy,Yadavanadu Forest 1,YADAVANADU (EDAVARE majare Iguru),yedavanadu forest-2,yedavanadu forest-2,Kodagu,kodagu,Somvarpet,somvarpet,Aigur,153466,923921,62410,11-29-576-05567-617949
100.0,fuzzy,Bangaranatha,Bangaranatha,natha,natha,Kolar,kolar,Bangarapet,bangarapet,Thoppanahalli,589788,622635,236411,11-29-581-05593-622711
85.71428571428572,fuzzy,Charla Dinne,Charaladinne,gajaladinne,gajaladinne,Kolar,kolar,Kolar,kolar,0,589731,622078,0,11-29-581-05591-622025
82.35294117647058,fuzzy,Chinnakote,Chinnakote (OG),chinnakamanahalli,chinnakamanahalli,Kolar,kolar,Bangarapet,bangarapet,Chinna Kota,153638,622847,62474,11-29-581-05593-622630
95.23809523809524,fuzzy,DEVAGANAHALLI,Devaganahalli (OG),naganahalli,naganahalli,Kolar,kolar,Bangarapet,mulbagal,Chinna Kota,153641,622848,62474,11-29-581-05594-623048
93.33333333333331,fuzzy,Dharmakrishnepalli,Dharmakrishnepalli,anepalli,anepalli,Kolar,kolar,Bangarapet,srinivaspur,0,589744,622706,0,11-29-581-05590-621429
100.0,fuzzy,Ganeshpur,Ganeshapura,shapur,shapur,Kolar,kolar,Kolar,kolar,Thoradevandahalli,589732,621991,62633,11-29-581-05591-622081
95.23809523809524,fuzzy,GANGA SANDRA,Gangasandra,mangasandra,mangasandra,Kolar,kolar,Malur,kolar,MASTHI,155165,622160,62646,11-29-581-05591-621857
94.73684210526316,fuzzy,Kathihalli,Kathihalli (OG),doddathihalli,doddathihalli,Kolar,kolar,Bangarapet,mulbagal,Chinna Kota,153639,622846,62474,11-29-581-05594-623046
100.0,fuzzy,Kurubarahalli,Kurubarahalli,kurubarahalli,kurubarahalli,Kolar,kolar,Mulbagal,srinivaspur,Hanumanahalli,665098,623023,62685,11-29-581-05590-621678
95.65217391304348,fuzzy,PARANDAHALLI,Parandahalli(Part),barandahalli,barandahalli,Kolar,kolar,K G F,kolar,PARANDAHALLI,153731,622755,62483,11-29-581-05591-622010
85.71428571428572,fuzzy,SONNANADODDI,SONNANADODDI,tholasanadoddi,tholasanadoddi,Kolar,kolar,Malur,malur,HASANDAHALLI,696315,622317,62647,11-29-581-05592-622322
96.0,fuzzy,THAMENAHALLI,Thammenahalli,thammenhalli,thammenhalli,Kolar,kolar,Bangarapet,bangarapet,Chinna Kota,153642,622550,62474,11-29-581-05593-622662
90.9090909090909,fuzzy,THIPPABOYENAHALLI,Thippaboyenahalli,boyinahalli,boyinahalli,Kolar,kolar,K G F,bangarapet,0,589757,622733,0,11-29-581-05593-622599
100.0,fuzzy,VENKATAPURA,VENKATAPURA,venkatapura,venkatapura,Kolar,kolar,Malur,kolar,K.G.HALLI,694232,621685,62665,11-29-581-05591-621859
100.0,fuzzy,Vaddaratti,Baglapura,pura,pura,Koppal,koppal,Gangavathi,kushtagi,Vaddarahatti,588718,601604,64300,11-29-560-05465-601540
100.0,fuzzy,Addi Halli,ADDIHALLI,addihalli,addihalli,Mandya,mandya,Nagamangala,nagamangala,DODDABALA,157425,613798,62948,11-29-573-05547-613805
100.0,fuzzy,Anche Doddi,Devalinganapura,pura,pura,Mandya,mandya,Malvalli,krishnarajpet,Nagegowdanadoddi,157031,614749,62876,11-29-573-05546-613543
94.11764705882352,fuzzy,Bedadahalli,BEDADAHALLY,madahalli,madahalli,Mandya,mandya,Krishnarajpet,krishnarajpet,Bharathipura Cross,156635,926860,62795,11-29-573-05546-613402
100.0,fuzzy,Bookahallikoppalu,BUKAHALLIKOPPALU,bookahalli,bookahalli,Mandya,mandya,Krishnarajpet,krishnarajpet,Ganjigere,156778,613674,62811,11-29-573-05546-613657
100.0,fuzzy,Chamikoppalu,CHAMIKOPPLU,koppa,koppa,Mandya,mandya,Krishnarajpet,nagamangala,Hariharapura,156751,613571,62807,11-29-573-05547-613725
85.71428571428572,fuzzy,Chikkebagilu,CHIKKEBBAGILU,chikkade,chikkade,Mandya,mandya,Malvalli,pandavapura,Purigali,156973,614833,62864,11-29-573-05548-614183
100.0,fuzzy,Devegowdanakoppalu,DEVEGOWDANAKOPPALU,koppa,koppa,Mandya,mandya,Pandavapura,nagamangala,Chikkade,157718,614185,62977,11-29-573-05547-613725
100.0,fuzzy,Doddena Halli,Doddenahalli,doddenahalli,doddenahalli,Mandya,mandya,Nagamangala,nagamangala,GONDENAHALLI,157385,613856,62944,11-29-573-05547-613778
100.0,fuzzy,Ganjigerekoppalu,GANJIGEREKOPPALU,ganjigere,ganjigere,Mandya,mandya,Krishnarajpet,krishnarajpet,Ganjigere,156773,613673,62811,11-29-573-05546-613658
100.0,fuzzy,Gowdara Halli,Gowdarahalli,gowdarahalli,gowdarahalli,Mandya,mandya,Nagamangala,nagamangala,Hulikere,157437,613742,287959,11-29-573-05547-613847
86.95652173913044,fuzzy,Gowdenahally,GOWDENAHALLY,chowdenahalli,chowdenahalli,Mandya,mandya,Krishnarajpet,krishnarajpet,Anagola,595375,926857,62800,11-29-573-05546-613407
95.65217391304348,fuzzy,Jodi Vaddara Halli,VADDARAHALI,vaddarahalli,vaddarahalli,Mandya,mandya,Nagamangala,krishnarajpet,HONAKERE,157610,614036,62962,11-29-573-05546-613390
90.0,fuzzy,K.r. Sagara,Krishnarajasagara,krishnapura,krishnapura,Mandya,mandya,Shrirangapattana,nagamangala,K. R. Sagara,157805,942729,63009,11-29-573-05547-613750
100.0,fuzzy,Kadampura,Kaggalipura,pura,pura,Mandya,mandya,Malvalli,krishnarajpet,D.halasahalli,157054,614732,62882,11-29-573-05546-613543
100.0,fuzzy,M.hosur,HOSURU,hosur,hosur,Mandya,mandya,Krishnarajpet,nagamangala,Haralahalli,156723,926878,62804,11-29-573-05547-613803
100.0,fuzzy,Neethimangala,NEETHIMANGALA,mangala,mangala,Mandya,mandya,Krishnarajpet,mandya,Haralahalli,156711,613483,62804,11-29-573-05550-614485
100.0,fuzzy,Shettynayakana Koppalu,SHETTANAYAKANKOPPALU,koppa,koppa,Mandya,mandya,Krishnarajpet,nagamangala,Sindhagatta,595383,613480,62791,11-29-573-05547-613725
95.23809523809524,fuzzy,Vijaya Hosalli,Kanchahalli,hanchahalli,hanchahalli,Mandya,mandya,Krishnarajpet,mandya,Bookanakere,156563,613647,62788,11-29-573-05550-614366
100.0,fuzzy,Alanahally,Alanahalli (OG),alanahalli,alanahalli,Mysuru,mysore,Mysuru,piriyapatna,Alanahalli,665697,618836,63135,11-29-577-05569-618238
100.0,fuzzy,Anechowkuru,Anechowkur Forest,chowkur,chowkur,Mysuru,mysore,Piriyapatna,piriyapatna,Malangi,158874,618279,63199,11-29-577-05569-618282
100.0,fuzzy,ANKUPURA,Ankupura,pura,pura,Mysuru,mysore,SARAGURU,heggadadevankote,0,157986,619013,0,11-29-577-05573-618959
100.0,fuzzy,B.shettahalli,Settahalli,settahalli,settahalli,Mysuru,mysore,Tirumakudal-narsipur,hunsur,B.shettahalli,159029,619431,63227,11-29-577-05570-618368
100.0,fuzzy,Beernahalli,Beeranahalli,beeranahallikaval,beeranahallikaval,Mysuru,mysore,Krishnarajanagara,hunsur,Hebbalu,158370,618590,63088,11-29-577-05570-618372
85.71428571428572,fuzzy,Bettadakaval,Bettadakaval,bettadur,bettadur,Mysuru,mysore,Piriyapatna,hunsur,Bettadatunga,158799,618170,63189,11-29-577-05570-618452
76.92307692307692,fuzzy,Chamundibetta,Chamundibetta (OG),bettadur,bettadur,Mysuru,mysore,Mysuru,hunsur,Chamundibetta,664413,618837,299748,11-29-577-05570-618452
100.0,fuzzy,CHIKKAKUNDURU,Chikkakundur,kundur,kundur,Mysuru,mysore,SARAGURU,heggadadevankote,M.C. THALALU,157985,619012,63032,11-29-577-05573-618984
100.0,fuzzy,Chowdahalli,Chowdahalli,chowdahalli,chowdahalli,Mysuru,mysore,Heggadadevankote,mysore,Thumbasoge,157885,619120,63019,11-29-577-05572-618737
76.19047619047619,fuzzy,Gobbalikaval,Gobbalikaval,sathyagalakaval,sathyagalakaval,Mysuru,mysore,Piriyapatna,piriyapatna,Kanagalu,158757,618091,63183,11-29-577-05569-618284
88.88888888888889,fuzzy,Gundathur,Gundathur,k gandathur,k gandathur,Mysuru,mysore,Heggadadevankote,heggadadevankote,N.Belthur,158061,619052,63039,11-29-577-05573-619054
100.0,fuzzy,Halavara Mata,HALAVARAMATA,halavara,halavara,Mysuru,mysore,Tirumakudal-narsipur,tirumakudal narsipur,Kolathuru,159012,619360,63222,11-29-577-05575-619359
100.0,fuzzy,HALEMANCHAHALLI,Halemanchahalli,manchahalli,manchahalli,Mysuru,mysore,SARAGURU,heggadadevankote,MANUGANAHALLI,157942,618976,63027,11-29-577-05573-618977
83.33333333333334,fuzzy,Hinkal,Hinkal (CT),chikkalaxmipura,chikkalaxmipura,Mysuru,mysore,Mysuru,tirumakudal narsipur,Hinkal,664401,618829,299749,11-29-577-05575-619352
100.0,fuzzy,Hirehalli,Hirehalli,hirehalli,hirehalli,Mysuru,mysore,Heggadadevankote,heggadadevankote,Hirehalli,157896,619016,63021,11-29-577-05573-618872
100.0,fuzzy,Hosakote,Hosakote,hosakote,hosakote,Mysuru,mysore,Mysuru,hunsur,Gungaralachathra,158548,618688,63129,11-29-577-05570-618351
100.0,fuzzy,HOSAMALA,ANTHARASANTHE KAVAL,antharasanthe,antharasanthe,Mysuru,mysore,Heggadadevankote,heggadadevankote,HOSAHOLALU,676017,939277,299730,11-29-577-05573-619017
100.0,fuzzy,Hundimala,Husenpuranala,husenpura,husenpura,Mysuru,mysore,Hunsur,hunsur,Uyigondanahalli,590015,618443,63048,11-29-577-05570-618442
83.33333333333334,fuzzy,INURMARIGUDIJUNGLE,AINURU MARIGUDI JANGAL,kanagal,kanagal,Mysuru,mysore,SARAGURU,piriyapatna,B. MATAKERE,158011,619111,63034,11-29-577-05569-618093
100.0,fuzzy,IYANAPURA,AYYANAPURA,pura,pura,Mysuru,mysore,SARAGURU,heggadadevankote,B. MATAKERE,158026,619055,63034,11-29-577-05573-618959
100.0,fuzzy,Kallahalli,Kallahalli,kallahalli,kallahalli,Mysuru,mysore,Nanjangud,hunsur,Deburu,158692,619167,63169,11-29-577-05570-618342
100.0,fuzzy,Karlapura,Karlapura,pura,pura,Mysuru,mysore,Nanjangud,heggadadevankote,Deviramanahalli,158687,619169,63168,11-29-577-05573-618959
92.85714285714286,fuzzy,Kathcuvinahalli Jungle,Kachuvanahalli Jungle,kachuvinahalli,kachuvinahalli,Mysuru,mysore,Piriyapatna,hunsur,Panchavlli,158863,618292,63198,11-29-577-05570-618387
94.11764705882352,fuzzy,Koorgally,Hutagalli (CT),,koorgalli,Mysuru,mysore,Mysuru,mysore,Koorgally,158464,618827,63109,11-29-577-05572-618826
84.21052631578947,fuzzy,Lingabudipalya,Lingambudi (OG),bandipalya,bandipalya,Mysuru,mysore,Mysuru,mysore,Srirampura,664404,618839,63118,11-29-577-05572-618733
100.0,fuzzy,Lingapura Forest,Lingapura Forest,lingapura,lingapura,Mysuru,mysore,Piriyapatna,piriyapatna,Muttur,158884,618246,63200,11-29-577-05569-618146
100.0,fuzzy,Madapura,MADHAPURA,madapura,madapura,Mysuru,mysore,Mysuru,hunsur,Varuna,158482,618807,63115,11-29-577-05570-618316
100.0,fuzzy,MALLARAJAPURA,Mallarajapura,rajapura,rajapura,Mysuru,mysore,SARAGURU,piriyapatna,Hegganur,158004,619082,63033,11-29-577-05569-618271
100.0,fuzzy,Muddanahalli,Muddanahalli *,karimuddanahalli,karimuddanahalli,Mysuru,mysore,Piriyapatna,hunsur,Panchavlli,158862,618291,63198,11-29-577-05570-618492
100.0,fuzzy,Ramashettipura,Ramasettipura,pura,pura,Mysuru,mysore,Nanjangud,heggadadevankote,Dasanur,158635,619304,63153,11-29-577-05573-618959
95.65217391304348,fuzzy,Rammanahally,Ramanahalli,rammanahalli,rammanahalli,Mysuru,mysore,Mysuru,mysore,Rammanahally,158472,618685,63112,11-29-577-05572-618728
94.73684210526316,fuzzy,Sathagalli,Sathagalli (OG),bhugathagalli,bhugathagalli,Mysuru,mysore,Mysuru,mysore,Hanchya,664411,618835,63122,11-29-577-05572-618784
100.0,fuzzy,Sundapura,Sundapura,pura,pura,Mysuru,mysore,Heggadadevankote,heggadadevankote,N.Belthur,158059,619037,63039,11-29-577-05573-618959
100.0,fuzzy,Vadderahosahalli Jungle,Vaderahosahalli Jungle,vaderahosahalli,vaderahosahalli,Mysuru,mysore,Piriyapatna,hunsur,Chikkanerale,158939,618174,63205,11-29-577-05570-618476
94.11764705882352,fuzzy,BANDIGANAHALLI,Bandiganahalli,annahalli,annahalli,RAMANAGARA,ramanagara,Kanakapura,ramanagara,DODDAMUDAVADI,143085,626363,59982,11-29-584-05606-626158
100.0,fuzzy,BOODIGUPPE,Kanakapura (Rural),,kanakapura,RAMANAGARA,ramanagara,Kanakapura,kanakapura,BUDIGUPPE,142975,626469,59962,11-29-584-05608-803240
94.11764705882352,fuzzy,CHITTANAHALLI,CHITTANAHALLI.,annahalli,annahalli,RAMANAGARA,ramanagara,Magadi,ramanagara,MATHIKERE,143262,939013,60006,11-29-584-05606-626158
92.3076923076923,fuzzy,CHOODAHALLI,Choodahalli,mahalli,mahalli,RAMANAGARA,ramanagara,Kanakapura,kanakapura,Choodahalli,143040,626497,59975,11-29-584-05608-626578
85.71428571428572,fuzzy,DODDAKOPPA,Doddakoppa,arekoppa,arekoppa,RAMANAGARA,ramanagara,Kanakapura,kanakapura,I.GOLLAHALLI,142914,626571,59949,11-29-584-05608-626574
100.0,fuzzy,KUNTHURUDODDI,Chikka Maluru,alur,alur,RAMANAGARA,ramanagara,Channapatna,magadi,THITTAMARANAHALLY,142105,626259,59852,11-29-584-05605-625855
83.33333333333334,fuzzy,KUNURU,Kunuru,nunnuru,nunnuru,RAMANAGARA,ramanagara,Kanakapura,channapatna,NARAYANAPURA,143066,626483,59978,11-29-584-05607-626305
76.92307692307692,fuzzy,MURKANI,Murkani,muradihosahalli,muradihosahalli,RAMANAGARA,ramanagara,Kanakapura,kanakapura,SOMEDYAPANAHALLI,143007,626435,59966,11-29-584-05608-626441
88.88888888888889,fuzzy,PAPASHASTRI PALYA,Papasastripalya,kalya,kalya,RAMANAGARA,ramanagara,Magadi,magadi,MADABAL,589746,626034,59990,11-29-584-05605-625938
87.5,fuzzy,PURADHADODDI,PURADHA DODDI (MARALAWADI HOBLI),hosadoddi,hosadoddi,RAMANAGARA,ramanagara,Kanakapura,ramanagara,T.HOSAHALLI,665293,626385,59977,11-29-584-05606-626176
100.0,fuzzy,RAMASAGARA,YAREHALLI,arehalli,arehalli,RAMANAGARA,ramanagara,Kanakapura,ramanagara,KOLLIGANAHALLI,665574,626588,59961,11-29-584-05606-626071
88.88888888888889,fuzzy,RANGACHARIPALYA,Rangacharipalya,kalya,kalya,RAMANAGARA,ramanagara,Magadi,magadi,HANCHIKUPPE,607402,626033,59987,11-29-584-05605-625938
90.9090909090909,fuzzy,AGAPUR (D),AGAPUR (D),bhogapur,bhogapur,Raichur,raichur,Raichur,lingsugur,Baidoddi,696055,600788,63350,11-29-559-05459-600353
90.9090909090909,fuzzy,ANBALKHED,ANBALKHED,sanbal,sanbal,Raichur,raichur,Devadurga,lingsugur,RAMADURGA,696053,600663,63258,11-29-559-05459-600443
85.71428571428572,fuzzy,CHAPALKI,CHAPALKI,konchapli,konchapli,Raichur,raichur,Devadurga,devadurga,JALAHALLI,700916,600540,328114,11-29-559-05460-600593
100.0,fuzzy,DURG,DURG,jaldurga,jaldurga,Raichur,raichur,Devadurga,lingsugur,RAMADURGA,699917,600665,63258,11-29-559-05459-600444
100.0,fuzzy,Earalagudda,Sutardinni,dinni,dinni,Raichur,raichur,Devadurga,raichur,Nagadadinni,159193,600721,63251,11-29-559-05461-600828
85.71428571428572,fuzzy,HAMPERGUNDI,HAMPERGUNDI,herundi,herundi,Raichur,raichur,Devadurga,devadurga,JALAHALLI,700917,600548,328115,11-29-559-05460-600544
81.81818181818181,fuzzy,HIREHONKUNI,HIREHONKUNI,chickhonkuni,chickhonkuni,Raichur,raichur,Devadurga,devadurga,Masarkal,700919,600630,63271,11-29-559-05460-600629
100.0,fuzzy,HORAHATTI,HORAHATTI,,hatti,Raichur,raichur,Devadurga,lingsugur,H. Siddapur,692039,600555,63265,11-29-559-05459-600535
75.0,fuzzy,JAVGUD,JAVGUD,gunda,gunda,Raichur,raichur,Devadurga,sindhnur,RAMADURGA,692040,600661,63258,11-29-559-05463-601060
100.0,fuzzy,JOGALDINNI,JOGALDINNI,dinni,dinni,Raichur,raichur,MASKI,raichur,BAPPUR,700923,601107,63377,11-29-559-05461-600828
88.88888888888889,fuzzy,Kanakanaikana Doddi,Konganaikandoddi,kannedoddi,kannedoddi,Raichur,raichur,Sindhanur,raichur,Jawalgera,589904,601150,63385,11-29-559-05461-600854
100.0,fuzzy,Kurdi Cros Camp,Kumdhal,kurdi,kurdi,Raichur,raichur,Manvi,manvi,Kurdi,160016,601027,63340,11-29-559-05462-600999
88.88888888888889,fuzzy,LAXMINARAYANAPURA,LAXMINARAYANAPURA,ratanapur,ratanapur,Raichur,raichur,Devadurga,sindhnur,Maladakal,699916,600669,63259,11-29-559-05463-601058
88.88888888888889,fuzzy,Lokanaikana Doddi,Locknaikandoddi,kannedoddi,kannedoddi,Raichur,raichur,Sindhanur,raichur,Jawalgera,589902,601148,63385,11-29-559-05461-600854
80.0,fuzzy,MANGI GADDE,MANGI GADDE,,manvi,Raichur,raichur,Raichur,manvi,ATHKOOR,692037,600755,63347,11-29-559-05462-803068
100.0,fuzzy,N.HOSUR,Hosur.N,hosur,hosur,Raichur,raichur,Sirawara,lingsugur,MALLAT,159849,600959,63323,11-29-559-05459-600480
75.0,fuzzy,TAMALGHAT (D),TAMALGHAT (D),,hatti,Raichur,raichur,Raichur,lingsugur,Baidoddi,700924,600787,63350,11-29-559-05459-600535
88.88888888888889,fuzzy,TIPPAPUR,TIPPAPUR,bapur,bapur,Raichur,raichur,Devadurga,raichur,RAMADURGA,696054,600662,63258,11-29-559-05461-600802
90.0,fuzzy,YERKAMANDODDI,YERKAMANDODDI,madmandoddi,madmandoddi,Raichur,raichur,Devadurga,raichur,JALAHALLI,700918,600550,328116,11-29-559-05461-600751
100.0,fuzzy,Anjanapura,Anjanapura,pura,pura,Shivamogga,shimoga,Shikarpur,sorab,Harogoppa,644107,607842,63527,11-29-568-05516-607523
87.5,fuzzy,BADADHABAILU,BADADHABAILU,horabailu,horabailu,Shivamogga,shimoga,Sorab,sorab,Chandragutti,696311,607520,63618,11-29-568-05516-607641
100.0,fuzzy,Chikkakoralahalli,Chikkoralahalli,alahalli,alahalli,Shivamogga,shimoga,Shikarpur,sorab,Harogoppa,665440,607844,63527,11-29-568-05516-607372
100.0,fuzzy,Devagodikoppa,Devagundikoppa,koppa,koppa,Shivamogga,shimoga,Sorab,bhadravati,Ulavi,161748,607635,63631,11-29-568-05521-608546
100.0,fuzzy,Halakuni,HALKUNI,alkuni,alkuni,Shivamogga,shimoga,Shivamogga,shimoga,TUPPURU,161254,917445,300011,11-29-568-05520-608303
88.88888888888889,fuzzy,Haroguttige,HAREGOPPA,harogoppa,harogoppa,Shivamogga,shimoga,Sagar,sagar,Keladi,160900,925036,63479,11-29-568-05515-607211
100.0,fuzzy,Hole Koppa,Halekoppa,koppa,koppa,Shivamogga,shimoga,Sorab,bhadravati,Jade,665880,607398,63595,11-29-568-05521-608546
100.0,fuzzy,Hosur,Hosuru,hosur,hosur,Shivamogga,shimoga,Shivamogga,sagar,Agasavalli,665771,608315,63562,11-29-568-05515-607273
82.35294117647058,fuzzy,Javagatte,JAVAGATTE,balagatte,balagatte,Shivamogga,shimoga,Shikarpur,tirthahalli,Belagavi,161232,607712,63556,11-29-568-05519-608240
100.0,fuzzy,Kambaduru,Kambadooru,adur,adur,Shivamogga,shimoga,Shikarpur,sagar,Harogoppa,665431,607839,63527,11-29-568-05515-607274
80.0,fuzzy,Keluve,KELUVE,biluve,biluve,Shivamogga,shimoga,Sagar,tirthahalli,Kanle,665414,926086,63497,11-29-568-05519-608206
100.0,fuzzy,Kerodi,KERODII,kerodi,kerodi,Shivamogga,shimoga,Sagar,sagar,Nadakalasi,160937,925367,63495,11-29-568-05515-607207
90.9090909090909,fuzzy,Kesarghatta(be),Kesaraghatta,kesare,kesare,Shivamogga,shimoga,Shikarpur,hosanagara,Harogoppa,665418,607845,63527,11-29-568-05518-607858
94.11764705882352,fuzzy,Mandagalale,MANDAGALALE,adagalale,adagalale,Shivamogga,shimoga,Sagar,sagar,Kanle,665411,926087,63497,11-29-568-05515-607359
100.0,fuzzy,Mullakere,MULLUKERE,mullakere,mullakere,Shivamogga,shimoga,Shivamogga,sagar,Hosahalli,161296,925131,63570,11-29-568-05515-607224
100.0,fuzzy,Oddigere,THATHURU VADDIGERE,thathuru,thathuru,Shivamogga,shimoga,Sorab,sorab,Tatturu,161500,925233,63608,11-29-568-05516-607442
100.0,fuzzy,Padavagodu,PADAVAGODUU,padavagodu,padavagodu,Shivamogga,shimoga,Sagar,sagar,Padavagodu,160903,925366,63490,11-29-568-05515-607205
100.0,fuzzy,Sannamane,SANNAMANE,sannamane,sannamane,Shivamogga,shimoga,Sagar,sorab,Herenelluru,665407,925024,63503,11-29-568-05516-607632
93.33333333333331,fuzzy,Suranagadde,SURANAGADDE,suranagi,suranagi,Shivamogga,shimoga,Sagar,sorab,Bhimaneri,665389,925015,63492,11-29-568-05516-607368
82.35294117647058,fuzzy,Tattegundi,TATTEGUNDI,telagundli,telagundli,Shivamogga,shimoga,Sagar,sorab,Herenelluru,665402,925026,63503,11-29-568-05516-607498
90.9090909090909,fuzzy,TORAVAGADU,Talakalale,talale,talale,Shivamogga,shimoga,Sagar,hosanagara,Bhimaneri,665393,607138,63492,11-29-568-05518-608011
85.71428571428572,fuzzy,Totadakere,TOTADAKERE,arakere,arakere,Shivamogga,shimoga,Shivamogga,bhadravati,Umblebilu,161401,925200,63592,11-29-568-05521-608567
100.0,fuzzy,Varadikoppa,Varadikoppa,koppa,koppa,Shivamogga,shimoga,Sorab,bhadravati,Jade,161420,607401,63595,11-29-568-05521-608546
88.88888888888889,fuzzy,YADAGOPPA,YADAGOPPA,koppa,koppa,Shivamogga,shimoga,Sorab,bhadravati,Jade,702936,607399,63595,11-29-568-05521-608546
83.33333333333334,fuzzy,YALAKUNDLI,YALAKUNDLI,alkuni,alkuni,Shivamogga,shimoga,Sagar,shimoga,Herenelluru,665395,925027,63503,11-29-568-05520-608303
90.9090909090909,fuzzy,BANTARAHALLI,Bantarahalli,midatarahalli,midatarahalli,TUMAKURU,tumkur,Turuvekere,madhugiri,KONDAJJI,588550,612308,63971,11-29-571-05535-610805
90.0,fuzzy,BRAMHASAMUDRA,Brahmasamudra,harisamudra,harisamudra,TUMAKURU,tumkur,Madhugiri,tiptur,BRAMHASAMUDRA,163221,610891,63813,11-29-571-05539-612014
100.0,fuzzy,BYRAPURA,Byrapura,byrapura,byrapura,TUMAKURU,tumkur,Madhugiri,chiknayakanhalli,KALIDEVAPURA,586142,610930,63807,11-29-571-05532-610129
95.23809523809524,fuzzy,CHIGARANAHALLI,Chigaranahalli,maranahalli,maranahalli,TUMAKURU,tumkur,Koratagere,gubbi,HANCHIHALLI,588560,611091,63741,11-29-571-05538-611684
100.0,fuzzy,CHIKKAHALLY,Chikkahalli,chikkahalli,chikkahalli,TUMAKURU,tumkur,Pavagada,tumkur,Chikkahalli,163397,610522,63839,11-29-571-05537-611400
100.0,fuzzy,DASIHALLI,Dasihalli,dasihalli,dasihalli,TUMAKURU,tumkur,Chiknayakanhalli,chiknayakanhalli,Mathighatta,162138,610205,63690,11-29-571-05532-610080
100.0,fuzzy,DODDENAHALLI,Doddenahalli,doddenahalli,doddenahalli,TUMAKURU,tumkur,Madhugiri,pavagada,SINGANAHALLI,163204,610917,63810,11-29-571-05534-610546
100.0,fuzzy,HALKURU KAVAL,Halkur Kaval,halkur,halkur,TUMAKURU,tumkur,Sira,sira,0,163608,610387,0,11-29-571-05533-610383
93.75,fuzzy,HARAGONDAHAHALLI,Harogondanahalli,harigondanahalli,harigondanahalli,TUMAKURU,tumkur,Chiknayakanhalli,turuvekere,0,162108,610173,0,11-29-571-05540-612279
100.0,fuzzy,K.G.THIPPAPURA,K.G.Thippapura,pura,pura,TUMAKURU,tumkur,Madhugiri,chiknayakanhalli,GANJALAGUNTE,586141,610815,63797,11-29-571-05532-610186
90.9090909090909,fuzzy,KALLUKOTE,Kallukote,kallur,kallur,TUMAKURU,tumkur,Sira,gubbi,Bhuvanahalli,163574,610366,63878,11-29-571-05538-611920
100.0,fuzzy,KITHNAMANGALA AMANIKERE,Kithanamangala Amanikere,amanikere,amanikere,TUMAKURU,tumkur,Kunigal,gubbi,Kithanamangala,162844,612611,63767,11-29-571-05538-611942
100.0,fuzzy,KUSUKUNTE KAVAL,Kusukunte Kaval,kusukunte,kusukunte,TUMAKURU,tumkur,Sira,sira,HONNAGONDANAHALLI,588538,610368,63883,11-29-571-05533-610369
100.0,fuzzy,LAKSHMIPURA,Lakshmipura,lakshmipura,lakshmipura,TUMAKURU,tumkur,Madhugiri,chiknayakanhalli,Reddyhalli,163244,610822,63816,11-29-571-05532-610051
92.85714285714286,fuzzy,MADHAVARAYANAPALYA,Madhavarayanapalya,devarayanapalya,devarayanapalya,TUMAKURU,tumkur,Koratagere,kunigal,0,588561,611226,0,11-29-571-05541-612641
100.0,fuzzy,MALLASANDRA KATTE,Mallasandra Katte,mallasandra,mallasandra,TUMAKURU,tumkur,Gubbi,tumkur,0,588642,611647,0,11-29-571-05537-611448
100.0,fuzzy,MALLASANDRA VOLAGERE KAVAL,Mallasandra PALYA,mallasandra,mallasandra,TUMAKURU,tumkur,Tumakuru,tumkur,Malasandra,164019,611447,63932,11-29-571-05537-611448
95.23809523809524,fuzzy,MARALENAHALLI,MARALENAHALLI,balenahalli,balenahalli,TUMAKURU,tumkur,Tumakuru,chiknayakanhalli,OORKERE,164060,938653,63937,11-29-571-05532-610144
90.0,fuzzy,MUDLAHALLI,Mudlahalli,gundlahalli,gundlahalli,TUMAKURU,tumkur,Gubbi,pavagada,Allilughatta,594555,611664,63702,11-29-571-05534-610646
100.0,fuzzy,NARASIPURA,Narasipura,pura,pura,TUMAKURU,tumkur,Sira,chiknayakanhalli,0,163532,610298,0,11-29-571-05532-610186
100.0,fuzzy,ROPPA,Pavagada (Rural),,pavagada,TUMAKURU,tumkur,Pavagada,pavagada,Ryapa,163359,610635,63832,11-29-571-05534-803154
100.0,fuzzy,SIRA RURAL,Sira (Rural),siradadu,siradadu,TUMAKURU,tumkur,Sira,sira,Bhuvanahalli,163579,610386,63878,11-29-571-05533-610484
85.71428571428572,fuzzy,TAREMARADAPALYA,Taremaradapalya,arepalya,arepalya,TUMAKURU,tumkur,Kunigal,kunigal,HUTHRIDURGA,665779,612558,63772,11-29-571-05541-612623
94.11764705882352,fuzzy,VADANAKALLU,Vadanakal,janakallu,janakallu,TUMAKURU,tumkur,Pavagada,sira,VADANAKALLU,163463,610544,63855,11-29-571-05533-610449
83.33333333333334,fuzzy,Ambalapadi,Ambalpady (OG),halady -76,halady -76,Udupi,udupi,Udupi,kundapura,Ambalapadi,168572,608861,65033,11-29-569-05522-608750
75.0,fuzzy,Kadekar,Kadekar (OG),kadur,kadur,Udupi,udupi,Udupi,udupi,Kadekaru,168575,608863,65034,11-29-569-05523-608785
85.71428571428572,fuzzy,Kelarkalabettu,Kelarkalabettu (OG),jarkala,jarkala,Udupi,udupi,Udupi,karkal,Thenkanidiyur,168570,608859,65031,11-29-569-05524-608885
85.71428571428572,fuzzy,Kidiyoor,Kidiyoor (OG),,tenkanidyoor,Udupi,udupi,Udupi,udupi,Ambalapadi,168574,608862,65033,11-29-569-05523-608848
80.0,fuzzy,Kuthpadi,Kuthpady (OG),idurkunhadi,idurkunhadi,Udupi,udupi,Udupi,kundapura,Kadekaru,168576,608864,65034,11-29-569-05522-608707
85.71428571428572,fuzzy,AMGA *,Amga,amadalli,amadalli,Uttara Kannada,uttara kannada,DANDELI,karwar,AMBIKANAGAR,164733,602789,64030,11-29-563-05478-602627
100.0,fuzzy,Bobruwada,Bobruwada (CT),wada,wada,Uttara Kannada,uttara kannada,Ankola,supa,Bobruwada,164600,603405,63998,11-29-563-05479-602655
94.73684210526316,fuzzy,Borangudde (a),Borangudde,borangudda,borangudda,Uttara Kannada,uttara kannada,Mundgod,mundgod,Malagi,165115,603061,64110,11-29-563-05482-603092
87.5,fuzzy,CHINAGINKOP,CHINAGINKOP,kalginkop,kalginkop,Uttara Kannada,uttara kannada,Haliyal,haliyal,JANAGA,164724,602873,64028,11-29-563-05480-602817
85.71428571428572,fuzzy,Chitakula,Chitakula (OG),ulga,ulga,Uttara Kannada,uttara kannada,Karwar,karwar,Chittakula,164992,602629,64087,11-29-563-05478-602594
100.0,fuzzy,Hegde,Hegde(Part),hegde hosalli,hegde hosalli,Uttara Kannada,uttara kannada,Kumta,kumta,Hegde,165061,603452,64099,11-29-563-05485-603514
90.0,fuzzy,Holanagadde,Holanagadde(Part),honagadde,honagadde,Uttara Kannada,uttara kannada,Kumta,yellapur,Holangadde,165015,603436,64095,11-29-563-05481-602906
80.0,fuzzy,Ingalki,Ingalki,kalkai,kalkai,Uttara Kannada,uttara kannada,Mundgod,sirsi,Pala,165139,603068,64114,11-29-563-05483-603237
90.9090909090909,fuzzy,JAMAGA *,Jamaga,amagaon,amagaon,Uttara Kannada,uttara kannada,DANDELI,supa,AMBIKANAGAR,164728,602788,64030,11-29-563-05479-602708
92.3076923076923,fuzzy,Kakurve,Kakurve,chatrakurve,chatrakurve,Uttara Kannada,uttara kannada,Honavar,kumta,Navilgone,164859,603732,64051,11-29-563-05485-603453
92.3076923076923,fuzzy,Kalbhag *,Kalbagh (OG),kalbhavi,kalbhavi,Uttara Kannada,uttara kannada,Kumta,haliyal,Kalbhag,165113,603528,64109,11-29-563-05480-602785
80.0,fuzzy,KANCHINMALE,KANCHINMALE,kanchikai,kanchikai,Uttara Kannada,uttara kannada,Ankola,siddapur,AGSUR,697070,603344,63996,11-29-563-05486-603530
76.92307692307692,fuzzy,Lakkeguli,Lakkeguli,kusguli,kusguli,Uttara Kannada,uttara kannada,Ankola,yellapur,HATTIKERI,164658,603337,64011,11-29-563-05481-602962
82.35294117647058,fuzzy,Laxmeshwar,Laxmeshwar (OG),kalleshwar,kalleshwar,Uttara Kannada,uttara kannada,Ankola,ankola,Vandige,164580,603408,63994,11-29-563-05484-603356
100.0,fuzzy,Malubalgar,Malubalgar,balgar,balgar,Uttara Kannada,uttara kannada,Siddapur,sirsi,Hasaragod,165244,603581,64127,11-29-563-05483-603244
93.33333333333331,fuzzy,NELLURKANCHINBAIL,NELLURKANCHINBAIL,hindbail,hindbail,Uttara Kannada,uttara kannada,Ankola,kumta,HATTIKERI,693179,603334,64011,11-29-563-05485-603520
92.3076923076923,fuzzy,Shirkuli,Shirkuli (OG),shirkur,shirkur,Uttara Kannada,uttara kannada,Ankola,honavar,Alageri,164577,603406,63993,11-29-563-05487-603813
85.71428571428572,fuzzy,Tenkankeri,Tenkankeri (OG),kalkeri,kalkeri,Uttara Kannada,uttara kannada,Ankola,mundgod,Bobruwada,164602,603407,63998,11-29-563-05482-603034
83.33333333333334,fuzzy,Vandige,Vandige (OG),kendige,kendige,Uttara Kannada,uttara kannada,Ankola,ankola,Vandige,164581,603409,63994,11-29-563-05484-603338
100.0,fuzzy,ARAJUNAGI,Arjunagi,arjunagi k h,arjunagi k h,VIJAYAPURA,bijapur,BABALESHWAR,indi,Arjungi,146012,599121,60946,11-29-557-05450-599279
100.0,fuzzy,BISALAKOPPA,Bisalakoppa (R.C),koppa,koppa,VIJAYAPURA,bijapur,NIDAGUNDI,muddebihal,GANI R C,145907,599476,299790,11-29-557-05453-599570
92.3076923076923,fuzzy,DADAMATTI,DADAMATTI,almatti,almatti,VIJAYAPURA,bijapur,BABALESHWAR,basavana bagevadi,SARAWAD,701085,599114,60983,11-29-557-05452-599489
90.9090909090909,fuzzy,HANUMASAGAR,HANUMASAGAR,hanumanagar,hanumanagar,VIJAYAPURA,bijapur,BABALESHWAR,indi,KAMBAGI,697270,599131,60970,11-29-557-05450-599198
93.33333333333331,fuzzy,INGALAGI,Ingalagi,ingalgi,ingalgi,VIJAYAPURA,bijapur,Muddebihal,indi,BIJJUR,146267,599673,61042,11-29-557-05450-599259
83.33333333333334,fuzzy,KAPANUR,Kapanur,padanur,padanur,VIJAYAPURA,bijapur,Muddebihal,indi,RAKKASAGI,146351,599642,61060,11-29-557-05450-599212
94.11764705882352,fuzzy,MUTTALADINNI,MUTTALADINNI,baladinni,baladinni,VIJAYAPURA,bijapur,KOLHAR,muddebihal,RONIHAL,692353,599456,60933,11-29-557-05453-599670
87.5,fuzzy,SANGAPUR(H),SANGAPUR(H),asantapur,asantapur,VIJAYAPURA,bijapur,BABALESHWAR,sindgi,HALAGANI,701084,599126,60959,11-29-557-05451-599421
94.73684210526316,fuzzy,SIDDAPUR K,Siddapura,siddapur p talikoti,siddapur p talikoti,VIJAYAPURA,bijapur,Thikota,muddebihal,Siddapur-K,146101,599040,60985,11-29-557-05453-599581
94.73684210526316,fuzzy,SIDDAPUR K,SIDDAPUR K,siddapur p talikoti,siddapur p talikoti,VIJAYAPURA,bijapur,Thikota,muddebihal,Siddapur-K,693324,599047,60985,11-29-557-05453-599581
100.0,fuzzy,TIKOTA,TIKOTA,tikota,tikota,VIJAYAPURA,bijapur,Vijayapura,bijapur,TIKOTA,146110,939739,60989,11-29-557-05449-599056
83.33333333333334,fuzzy,SANGAM,Sangam,sangwar,sangwar,Yadgir,yadgir,WADAGERA,yadgir,GONAL,150136,621220,62017,11-29-580-05589-621379
76.92307692307692,phonetic_lower_threshold,YADIYOORU,YADIYOORU,dibburu,dibburu,Bengaluru Urban,bangalore,YELAHANKA,bangalore north,Bandikodagehalli,665249,925868,61391,11-29-572-05542-612850
71.42857142857143,phonetic_lower_threshold,CIKKEMPIHUNDI,CIKKEMPIHUNDI,hundipura,hundipura,CHAMARAJANAGARA,chamarajanagar,Chamarajanagar,gundlupet,UDIGALA,693319,924932,65066,11-29-578-05576-619584
94.11764705882352,phonetic_lower_threshold,DHADADHAHALLI,Dhadadhahalli,madahalli,madahalli,CHAMARAJANAGARA,chamarajanagar,Gundlupet,gundlupet,AGATHAGOWDANAHALLI,652731,917623,65131,11-29-578-05576-619500
77.77777777777779,phonetic_lower_threshold,DODDARAYAPET,DODDARAYAPETE,doddathuppur,doddathuppur,CHAMARAJANAGARA,chamarajanagar,Chamarajanagar,gundlupet,Kudluru,168753,924892,65091,11-29-578-05576-619511
94.11764705882352,phonetic_lower_threshold,GOPALAPURA,GOPAALAPURA,malapura,malapura,CHAMARAJANAGARA,chamarajanagar,Gundlupet,gundlupet,Kannegala,664576,924967,65126,11-29-578-05576-619553
88.88888888888889,phonetic_lower_threshold,HALEPURA,HALEPURA,hullepura,hullepura,CHAMARAJANAGARA,chamarajanagar,Chamarajanagar,gundlupet,GOVINDAVADI,665650,917361,299760,11-29-578-05576-619578
100.0,phonetic_lower_threshold,HONAKANAPURA,Bhogganapura,anapura,anapura,CHAMARAJANAGARA,chamarajanagar,Gundlupet,kollegal,KOTEKERE,168910,619452,65127,11-29-578-05579-619868
100.0,phonetic_lower_threshold,HULLEPURA,HULLEPURA,hullepura,hullepura,CHAMARAJANAGARA,chamarajanagar,Chamarajanagar,gundlupet,MANGALA,697273,924903,65088,11-29-578-05576-619578
83.33333333333334,phonetic_lower_threshold,K.K HUNDI,KADTALKATTIHUNDI,hundipura,hundipura,CHAMARAJANAGARA,chamarajanagar,Gundlupet,gundlupet,KODASOGE,168817,924977,65107,11-29-578-05576-619584
100.0,phonetic_lower_threshold,KALANAHUNDI,KAALANAHUNDY,kalanahundi,kalanahundi,CHAMARAJANAGARA,chamarajanagar,Gundlupet,chamarajanagar,BEGUR,664565,926061,65134,11-29-578-05577-619699
81.81818181818181,phonetic_lower_threshold,KURUBARAHUNDI,KURUBARA HUNDI,kumbaragundi,kumbaragundi,CHAMARAJANAGARA,chamarajanagar,Gundlupet,chamarajanagar,KOTEKERE,168912,924985,65127,11-29-578-05577-619711
85.71428571428572,phonetic_lower_threshold,MALLAMMANAHUNDI,MALLAMMANA HUNDI,kalanahundi,kalanahundi,CHAMARAJANAGARA,chamarajanagar,Gundlupet,chamarajanagar,Kelasur,168835,924974,65110,11-29-578-05577-619699
71.42857142857143,phonetic_lower_threshold,PONNACHI,Ponnachi,honnahalli,honnahalli,CHAMARAJANAGARA,chamarajanagar,Hanuru,chamarajanagar,PONNACHI,168992,619885,65148,11-29-578-05577-619741
87.5,phonetic_lower_threshold,RANGANATHAPURA,RANGANATHAPURA,anapura,anapura,CHAMARAJANAGARA,chamarajanagar,Gundlupet,kollegal,NITRE,168826,925001,65108,11-29-578-05579-619868
75.0,phonetic_lower_threshold,RANGASANDRA,RANGASANDRA,annur,annur,CHAMARAJANAGARA,chamarajanagar,Chamarajanagar,gundlupet,PUNAJANURU,693318,924919,65080,11-29-578-05576-619514
90.0,phonetic_lower_threshold,RANGUPURA,RANGUPURA,srirangapura,srirangapura,CHAMARAJANAGARA,chamarajanagar,Gundlupet,chamarajanagar,HOREYALA,636936,924963,65130,11-29-578-05577-619747
100.0,phonetic_lower_threshold,SARAGURMOLE,SARAGURMOLE,saragur,saragur,CHAMARAJANAGARA,chamarajanagar,Chamarajanagar,kollegal,ALUR,702834,924546,65075,11-29-578-05579-619822
83.33333333333334,phonetic_lower_threshold,YDIYOORU,YDIYOORU,maliyuru,maliyuru,CHAMARAJANAGARA,chamarajanagar,Chamarajanagar,chamarajanagar,MANGALA,702835,924901,65088,11-29-578-05577-619689
75.0,phonetic_lower_threshold,MIDDILU,MIDDILU,billur,billur,Chikkaballapura,chikkaballapura,Gauribidanur,bagepalli,B.BOMMASANDRA,665075,925641,62586,11-29-582-05598-623930
66.66666666666667,phonetic_lower_threshold,Garimbilu,GARIMBILU,garaga,garaga,Chitradurga,chitradurga,Hosdurga,hosdurga,S NERLAKERE,663938,927537,65299,11-29-566-05507-605984
61.53846153846154,phonetic_lower_threshold,M G Dibba,M.G.DIBBA,gudihalli,gudihalli,Chitradurga,chitradurga,Hosdurga,challakere,Bokikere,663776,927464,65324,11-29-566-05504-605312
66.66666666666667,phonetic_lower_threshold,Neerumarga,Neermarga (CT),nellikaru,nellikaru,Dakshina Kannada,dakshina kannada,Mangaluru,mangalore,Neermarga,587769,617510,236263,11-29-575-05561-617467
90.9090909090909,phonetic_lower_threshold,AMBATTI,AMBATTI,ammathi,ammathi,Kodagu,kodagu,Virajpet,virajpet,BITTANGALA,661869,924036,62435,11-29-576-05568-618029
72.72727272727273,phonetic_lower_threshold,HUDUGURU,HUDUGURU,bengooru,bengooru,Kodagu,kodagu,Kushalanagar,madikeri,0,661841,923992,0,11-29-576-05566-617804
71.42857142857143,phonetic_lower_threshold,IRRALAPODU,Irlapodu,veerapura,veerapura,RAMANAGARA,ramanagara,Kanakapura,magadi,Bannimukkodlu,142933,626625,59953,11-29-584-05605-625823
72.72727272727273,phonetic_lower_threshold,Dibbanakedi {d),Dibbanakhed,shankerbandi d,shankerbandi d,Raichur,raichur,Sindhanur,sindhnur,Jawalgera,589906,601156,63385,11-29-559-05463-601134
88.88888888888889,phonetic_lower_threshold,ANANDADEVANAHALLI,ADAVI ANANDA DEVANAHALLI,byradevanahalli,byradevanahalli,Vijayanagar,bellary,HAGARIBOMMANAHALLI,bellary,BACHIGUNDANAHALLI,144885,924266,60616,11-29-565-05500-604911
88.88888888888889,phonetic_lower_threshold,ANANDADEVANAHALLI,HOSANANDEVANAHALLI,byradevanahalli,byradevanahalli,Vijayanagar,bellary,HAGARIBOMMANAHALLI,bellary,KADLEBALU,144900,604660,60621,11-29-565-05500-604911
100.0,phonetic_lower_threshold,ANEKAL THANDA,ANEKALLU THANDA,anekal,anekal,Vijayanagar,bellary,HAGARIBOMMANAHALLI,hagaribommanahalli,MADHURU,665636,917668,299924,11-29-565-05497-604677
94.11764705882354,phonetic_lower_threshold,BACHIGUNDANAHALLI 2,CHILUGODU,bachigondanahalli,bachigondanahalli,Vijayanagar,bellary,HAGARIBOMMANAHALLI,hagaribommanahalli,BACHIGUNDANAHALLI,144888,924267,60616,11-29-565-05497-604659
88.88888888888889,phonetic_lower_threshold,BALLAHUNSI,Bellahunshi,byalhunsi,byalhunsi,Vijayanagar,bellary,HAGARIBOMMANAHALLI,hadagalli,VALLABHAPURA,144894,604662,300092,11-29-565-05496-604585
83.33333333333334,phonetic_lower_threshold,Basavanadurga,Basavanadurga,,sandur,Vijayanagar,bellary,Hosapete,sandur,NAGENAHALLI,671295,604709,60624,11-29-565-05501-803115
87.5,phonetic_lower_threshold,BELAGODU,Belagodu,belugoduhal,belugoduhal,Vijayanagar,bellary,Hosapete,hospet,NAGENAHALLI,144905,604720,60624,11-29-565-05498-604748
88.88888888888889,phonetic_lower_threshold,KADLEBALU,BYALALU,kadlabalu,kadlabalu,Vijayanagar,bellary,HAGARIBOMMANAHALLI,hagaribommanahalli,KADLEBALU,144899,926648,60621,11-29-565-05497-604668
100.0,phonetic_lower_threshold,SEETHARAM THANDA,Seetharama Thanda,seetharama tanda,seetharama tanda,Vijayanagar,bellary,Hosapete,hospet,SEETHARAMA THANDA,144976,941959,60646,11-29-565-05498-604735
