jjm_village_id,jjm_village,jjm_district,jjm_block,jjm_panchayat_id,jjm_panchayat,lgd_village_id,lgd_village
594616,CHIKKAMARALLI,BENGALURU RURAL,Devanhalli,59886,BIJJAVARA,910246,ChikkaMurali
142411,DARGAJOGIHALLI,BENGALURU RURAL,Dodballapur,59894,DARGAJOGIHALLI,625247,Dargajogihalli (OG)
142209,DINNURU,BENGALURU RURAL,Devanhalli,299517,Alooru Duddanahalli,910230,Dinnur
664350,Chikkahanchinal Puk,Bagalkote,Bilagi,59797,Kollur,598509,Chinvalkoppa PU.K
141893,Heggur Rc,Bagalkote,Bilagi,299899,Heggura,598506,Heggur
141504,HIREMURAMATTI,Bagalkote,Bagalkot,59688,Hiregulabal,598809,Hiremuramatti
588589,Lingapur Sr Rc,Bagalkote,Bilagi,299899,Heggura,598507,Lingapur.S.R PU.K
141749,Mamatageri,Bagalkote,Badami,59767,Mamtageri,598704,Mamatageri
702878,GIRENAHALLI,Ballari,Sandur,0,0,924424,GIRENAHALLI
665619,Huchenahalli,Ballari,Sandur,299931,H K Halli,917702,HUCHCHENAHALLI
145106,Jodikasanayakanahalli,Ballari,Sandur,60692,Bommagatta,604980,Jodikasinayakanahalli
661637,Chikkud,Belagavi,Athni,60084,Saptasagar,597308,Chikkud
144609,Gaddikaravinakoppa,Belagavi,Bylahongal,60501,Chikkabagewadi,598062,Gaddikurvinkoppa
143750,Halgimardi,Belagavi,Belagavi,60137,K. K. Koppa,939170,SU HALAGIMARDI
144201,Hebbanatti,Belagavi,Khanapur,60349,Amate,597819,Habbanatti
143726,Kolikoppa,Belagavi,Belagavi,60126,Tarihal,597777,Kolikopp
662242,LAXMESHWAR,Belagavi,MUDALAGI,60270,Sunadholi,597494,Lagameshwar
664307,Managoan,Belagavi,Hukeri,60294,Naganur K D,923727,MANAGOAN
144580,Mattikoppa,Belagavi,Bylahongal,60491,Sutagatti,598039,Mattikoppa
664359,Parakanatti,Belagavi,Hukeri,60320,Mavanur,923725,PARAKANATTI
144521,Turanur,Belagavi,Ramdurg,60470,Turanur,598376,Turanur (Part)
664306,Wadishidlihal,Belagavi,Hukeri,60294,Naganur K D,923728,WADISHIDLIHAL
665183,Bande Hosur,Bengaluru Urban,Bengaluru East,61437,Kannuru,938226,AMANI BAIRATIKHANE
693546,BHEEMANAKUPPE RAMASAGARA,Bengaluru Urban,Bengaluru South,61419,Ramohalli,613014,BHEEMANAKUPPE RAMASAGARA
665556,Byrasandra,Bengaluru Urban,Bengaluru South,61416,Agara,924146,BYRASANDRA
148441,Chikka Gubbi,Bengaluru Urban,Bengaluru East,61437,Kannuru,613125,Chikkagubbi (OG)
665302,Chikkagollarahatti,Bengaluru Urban,Bengaluru North,299657,Kachohalli,938346,BAGALAGUNTE
665469,Chikkakodige Halli,Bengaluru Urban,Bengaluru North,61368,Kodigehalli,939476,VYYALIKAVAL
148268,Dodda Thogur,Bengaluru Urban,Bengaluru South,61401,Doddathoguru,938419,CHIKKATOGURU
148451,Doddagubbi,Bengaluru Urban,Bengaluru East,61438,Doddagubbi,613126,Doddagubbi (OG)
665288,Doddapalya,Bengaluru Urban,Bengaluru North,61373,Huskuru,939406,AGRAHARA THIMMASANDRA
665474,Gangadipura,Bengaluru Urban,Bengaluru North,61368,Kodigehalli,938343,VISHVANATHA NAGENAHALLI
147915,Hennagara Amanikere,Bengaluru Urban,Anekal,61345,Hennagara,613179,Hennagara Amanikere
665269,Hosapalya,Bengaluru Urban,Bengaluru South,61418,Kumbalagodu,938458,CHUNCHAGHATTA
665471,Kannahalli Hosahalli,Bengaluru Urban,Bengaluru North,61368,Kodigehalli,939475,ULLALU K.G
148442,Kannur,Bengaluru Urban,Bengaluru East,61437,Kannuru,613124,Kannur (OG)
665567,Karekalpalya,Bengaluru Urban,Bengaluru South,61441,Chunchanakuppe,938424,NAGANATHAPURA
665470,Kodigehalli Harijana Colony,Bengaluru Urban,Bengaluru North,61368,Kodigehalli,612821,Thirumalapura
703119,KUMBALAGODU,Bengaluru Urban,Bengaluru South,61418,Kumbalagodu,613062,KUMBALAGODU
700202,LINGARAJASAGARA,Bengaluru Urban,YELAHANKA,61388,KASAGATTAPURA,612874,LINGARAJASAGARA
665639,Nagegowdanapalya,Bengaluru Urban,Bengaluru South,259828,H. Gollahalli,939480,DASARAHALLI
665392,Parvathaiahana Palya,Bengaluru Urban,Bengaluru North,61377,Sondekoppa,939411,BANGALORE
665227,Pattareddipalya,Bengaluru Urban,Bengaluru South,61412,Kagglipura,938489,BIKASHIPURA
665380,Pitaganapalya,Bengaluru Urban,Bengaluru North,61377,Sondekoppa,939414,BARAGI MUDDENAHALLI
665211,Pylvanarapalya,Bengaluru Urban,Bengaluru North,61374,Alur,939407,AKKITHIMMANAHALLI
665209,RAJAKSABPALYA,Bengaluru Urban,YELAHANKA,61393,BAGALUR,938541,AMRUTAHALLI
665581,Shikaripalya,Bengaluru Urban,Anekal,61344,Hulimangala,938194,KUDLU
148479,Subbarayappanapalya,Bengaluru Urban,Bengaluru South,61441,Chunchanakuppe,938444,VALAGERAHALLI
665249,YADIYOORU,Bengaluru Urban,YELAHANKA,61391,Bandikodagehalli,925868,YADIYOORU
588457,Hajjargi,Bidar,Bidar,60861,Kolar (k),923711,HAJJARAGI
664831,Hallikhed(k) Wadi,Bidar,Humnabad,60902,Hallikhed (k),923715,HALLIKHED(K) WADI
664875,JAFARWADI,Bidar,Basavakalyan,60788,GUNDUR,923683,JAFFARWADI
665016,Kasartugaon Wadi,Bidar,Bhalki,60838,Shivani,599860,Kasara Tugaon Wadi
595076,Methi Melkunda Wadi,Bidar,Bhalki,60836,Methi Melkunda,599875,Methimelkunda Wadi
693389,VITHALPUR,Bidar,Chittaguppa,60872,BEMALKHEDA,925916,VITHALPUR
693319,CIKKEMPIHUNDI,CHAMARAJANAGARA,Chamarajanagar,65066,UDIGALA,924932,CIKKEMPIHUNDI
652731,DHADADHAHALLI,CHAMARAJANAGARA,Gundlupet,65131,AGATHAGOWDANAHALLI,917623,Dhadadhahalli
168753,DODDARAYAPET,CHAMARAJANAGARA,Chamarajanagar,65091,Kudluru,924892,DODDARAYAPETE
664576,GOPALAPURA,CHAMARAJANAGARA,Gundlupet,65126,Kannegala,924967,GOPAALAPURA
168817,K.K HUNDI,CHAMARAJANAGARA,Gundlupet,65107,KODASOGE,924977,KADTALKATTIHUNDI
168912,KURUBARAHUNDI,CHAMARAJANAGARA,Gundlupet,65127,KOTEKERE,924985,KURUBARA HUNDI
168835,MALLAMMANAHUNDI,CHAMARAJANAGARA,Gundlupet,65110,Kelasur,924974,MALLAMMANA HUNDI
168992,PONNACHI,CHAMARAJANAGARA,Hanuru,65148,PONNACHI,619885,Ponnachi
168826,RANGANATHAPURA,CHAMARAJANAGARA,Gundlupet,65108,NITRE,925001,RANGANATHAPURA
693318,RANGASANDRA,CHAMARAJANAGARA,Chamarajanagar,65080,PUNAJANURU,924919,RANGASANDRA
636936,RANGUPURA,CHAMARAJANAGARA,Gundlupet,65130,HOREYALA,924963,RANGUPURA
702834,SARAGURMOLE,CHAMARAJANAGARA,Chamarajanagar,65075,ALUR,924546,SARAGURMOLE
702835,YDIYOORU,CHAMARAJANAGARA,Chamarajanagar,65088,MANGALA,924901,YDIYOORU
147737,BARIMALE ESTATE,CHIKKAMAGALURU,Mudigere,61317,TRIPURA,609937,Barimale Estate
146901,BASURU KAVAL,CHIKKAMAGALURU,Kadur,61183,BASUR,609409,Basurukaval
146654,CHIKKA KALASAPURA,CHIKKAMAGALURU,Chikkamagaluru,61132,KALASAPURA,609794,Chikkakalasapura
147430,HEBBE,CHIKKAMAGALURU,Narasimharajapura,61253,Honnekudige ( Hanthuvine),609074,Hebbe
596550,KACHAPURA,CHIKKAMAGALURU,Kadur,61234,KADURHALLI,609508,Kachapura
665727,SHAKUNIPURA,CHIKKAMAGALURU,Kadur,61192,EMMEDODDI,609383,Shankunipura
665620,CHANNABYRENAHALLY,Chikkaballapura,Gauribidanur,62563,Chikkakurugodu,623386,Chennabyrenahalli
664989,CHITTAVALAHALLI,Chikkaballapura,Gauribidanur,62589,MELYA,925729,CHITTAVALAHALLY
664995,DEVARAKODAHHALLI,Chikkaballapura,Gauribidanur,62573,HALEHALLY,925692,DEVARAKONDAHALLY
664984,DIGAVAKOTE,Chikkaballapura,Chintamani,62529,PEDDUR,925610,DIGAVAKOTE
154721,GANDAMNAGENAHAIIY,Chikkaballapura,Gudibanda,62600,BEECHAGANAHALLY,926149,GANDAMNAGENAHALLY(M)
664513,GARUDACHARLAHALLY,Chikkaballapura,Gudibanda,62606,HAMPASANDRA,925928,GARUDACHARLAHALLY
665075,MIDDILU,Chikkaballapura,Gauribidanur,62586,B.BOMMASANDRA,925641,MIDDILU
664864,MUSTURUPATNA,Chikkaballapura,Chintamani,62533,Batlahalli,926136,MUSTURUPATNA
664535,THEELAKUNTAHALLY,Chikkaballapura,Gudibanda,62602,Varlakonda,926181,THEELAKUNTAHALLY(M)
665134,VANTURU,Chikkaballapura,Sidlaghatta,62720,Basettyhalli,926191,VANTURU
663933,Ajadnagara,Chitradurga,Chitradurga,65238,Kalagere,927373,AJADNAGARA
663797,Akkithimmayanahatti,Chitradurga,Hosdurga,65315,Devapura,927471,AKKITHIMMAYANAHATTI
169737,Alamaradahatti,Chitradurga,Hiriyur,65285,Suragondanahally,927721,ALAMARADAHATTI
664102,B Hanumapura,Chitradurga,Molakalmuru,65345,Santhegudda,927436,B.HANUMAPURA
664103,B.hanumanagudda,Chitradurga,Molakalmuru,65345,Santhegudda,927435,B.HANUMANAGUDDA
663984,Bangarakkanahalli,Chitradurga,Chitradurga,65227,Turuvanur,605497,Bangarakkanahalli
663901,Bilichittyanahatti,Chitradurga,Hosdurga,65307,Kellodu,927518,BILICHITTYANAHATTI
663986,Bogalerahatti,Chitradurga,Chitradurga,65227,Turuvanur,605498,Bogalerahatti
169710,Chinnaiahnahatti,Chitradurga,Hiriyur,65282,BABBUR,927549,CHINNAYYANAHATTI
663693,Dasayyanahatti,Chitradurga,Holalkere,65343,Madderu,927665,DASAYYANAHATTI
695537,DEVAPURADHAHATTI,Chitradurga,Chitradurga,299805,Godabanahal,917180,DEVAPURADHAHATTI
663732,Doddignahal Hosahatti,Chitradurga,Chitradurga,65244,Alagawadi,927134,DODDIGANAL HOSAHATTI
663970,Erajanahatti,Chitradurga,Chitradurga,65235,Siddapura,927404,ERAJANAHATTI
663810,Galirangyanahatti,Chitradurga,Hosdurga,65317,Devigere,927475,GALIRANGYANAHATTI
169515,Garehatti,Chitradurga,Chitradurga,65257,Cholaghatta,931789,Cholagatta Yane Gaarehatti
663938,Garimbilu,Chitradurga,Hosdurga,65299,S NERLAKERE,927537,GARIMBILU
663936,H S PALYA,Chitradurga,Hosdurga,65299,S NERLAKERE,927538,H.S.PALYA
664029,Hanumapura S,Chitradurga,Molakalmuru,65360,Ashoka Siddapura,927438,HANUMAPURA.S
663972,Hidayathpura,Chitradurga,Chitradurga,65235,Siddapura,927408,HIDAYATHPURA
664379,Hirekattegere Gollarahatti,Chitradurga,Chitradurga,65230,Muddapura,927393,HIREKATTEGERE-GOLLARAHATTI
664062,Hosuru,Chitradurga,Molakalmuru,65360,Ashoka Siddapura,927440,HOSURU
663993,HULLEHAL GOLLARAHATTI,Chitradurga,Chitradurga,65239,Yelagodu,927415,HU.GOLLARAHATTI
663878,Hunasekatti Gollarahatti,Chitradurga,Chitradurga,65246,Hireguntanur,927348,HUNASEKATTI GOLLARAHATTI
663906,Iyyanahalli Kurubarahatti,Chitradurga,Chitradurga,65256,Iyyanahalli,927361,IYYANAHALLI KURUBARAHATTI
663989,Kadambanakatte,Chitradurga,Chitradurga,65227,Turuvanur,605500,Kadambanakatte
663510,Kambadevarahatta,Chitradurga,Holalkere,236415,Adanur,927631,KAMBADEVARAHATTA
663818,KAMBHATHANAHALLI,Chitradurga,Hiriyur,65263,Abbenahole,927542,KAMBHATTANAHALLI
664077,Kelagalahatti,Chitradurga,Molakalmuru,65357,Hangal,927422,KELAGALAHATTI
169456,Kitttadahatti,Chitradurga,Chitradurga,65248,Lakshmisagara,927381,KITTADAHATTI
663776,M G Dibba,Chitradurga,Hosdurga,65324,Bokikere,927464,M.G.DIBBA
663965,MUDDAPURA MYASARAHATTY,Chitradurga,Chitradurga,65230,Muddapura,927416,MYASARAHATTY
664099,Myasarahatti,Chitradurga,Molakalmuru,65355,Rayapura,927396,MYASARAHATTI
696751,OBANNANAHALLI KAVAL,Chitradurga,Challakere,65205,Gowrasamudra,605277,OBANNANAHALLI KAVAL
664330,PANJAIAHNAHATTI,Chitradurga,Chitradurga,65241,Kogunde,927375,PANJAYAHATTI
663923,Rangyanauru,Chitradurga,Hosdurga,65319,Mallappanahalli,927532,RANGYANAURU
664064,Roppa,Chitradurga,Molakalmuru,65360,Ashoka Siddapura,927442,ROPPA
663690,S H Halli Gollarhatti,Chitradurga,Holalkere,65333,Gungiganur,927663,S.H.HALLI GOLLARHATTI
170130,Seeneerakatte,Chitradurga,Holalkere,65343,Madderu,927677,SEENEERAKATTE
663991,T.Upparatti,Chitradurga,Chitradurga,65227,Turuvanur,605502,Upparatti
169099,ULLAVARTHI KAVAL,Chitradurga,Challakere,65185,Doddaullarthi,605307,ULLAVARTHI KAVAL
148758,Chelairu,Dakshina Kannada,Mangaluru,61571,CHELAIRU,617521,Chelliru (OG)
148816,Kemminje,Dakshina Kannada,Puttur,61602,Munduru,617734,Kemminje (Rural)
148738,Kuttethuru,Dakshina Kannada,Mangaluru,61560,Permude,617522,Kuthethur (OG)
674434,MOOLUR,Dakshina Kannada,Mangaluru,236264,Gurupura,617507,Mulur (CT)
587769,Neerumarga,Dakshina Kannada,Mangaluru,236263,Neermarga,617510,Neermarga (CT)
674495,PADUSHEDDE,Dakshina Kannada,Mangaluru,61550,Moodushedde,617524,Padushedde (OG)
167522,Akali Katte,Davangere,Channagiri,64711,Bulasagara,607016,Akalikatti
168015,Didagur,Davangere,Honnali,64823,Haralahalli,606827,Didagur
167981,NARAGINAKERE,Davangere,Nyamathi,64814,GUDDEHALLI,606708,Naraginakere
664230,Taralabalunagara,Davangere,Davanagere,64655,Belavanuru,924654,TARALABALUNAGAR
595950,Tyavanige Thanda,Davangere,Channagiri,64696,Tyavanagi,606925,Thyavanige Thanda
150780,Bettasoge Hantha (b),Hassan,Arkalgud,0,0,616775,Bettasoge Hantha
152772,Chikkakondagola,Hassan,Hassan,62307,Tejur,616046,Chikkakondagola(Part)
152739,Karle Kaval,Hassan,Hassan,62304,Karle,616143,Karle Kaval
152474,Kattaya Kaval,Hassan,Hassan,62276,Kattaya,616130,Kattaya Kaval
151437,Maratagere,Hassan,Arsikere,62184,PURALEHALLI,615588,Maratagere
152526,Ramadadevara Kaval,Hassan,Hassan,62282,Seege,615905,Ramadevarahalla Kaval
589427,Srirampura,Hassan,Holenarsipur,62327,Kattebelaguli,616806,Kattebelaguli Hantha
166656,Aregoppa.,Haveri,Hanagal,64467,Hullatti,604098,Hirekanagi
645720,HADE,Haveri,RATTIHALLI,64536,KADUR,924845,HADE
637324,bhankur,Kalaburagi,Shabad,61876,Bhankor,620714,Bhankur (OG)
149809,Hanchinal,Kalaburagi,Jevargi,61944,Harnoor,620860,Hanchinal Bhari
662333,Seribhiknalli,Kalaburagi,Chincholi,61849,Venktapur,620370,SERIBIKANALLI
661869,AMBATTI,Kodagu,Virajpet,62435,BITTANGALA,924036,AMBATTI
661894,BEERUGA,Kodagu,Ponnampet,62461,SRIMANGALA,924064,BEERUGA
702204,CHENNANGI,Kodagu,Virajpet,62449,Chennayanakote,924040,CHENNANGI
661862,CHIKKA ALUVARA,Kodagu,Kushalanagar,62421,Torenur,924016,CHIKKA ALUVARA
661828,GUDDEHOSURU,Kodagu,Kushalanagar,62416,GUDDEHOSUR,923977,GUDDEHOSURU
661841,HUDUGURU,Kodagu,Kushalanagar,0,0,923992,HUDUGURU
695841,Hudur,Kodagu,Ponnampet,62468,PONNAMPET,924028,Hudur
661842,MADALAPURA,Kodagu,Kushalanagar,0,0,939033,SHIRAHOLALU
701119,MADAPATNA,Kodagu,Kushalanagar,62416,GUDDEHOSUR,923978,MADAPATNA
702206,NOKYA SIDDAPURA,Kodagu,Ponnampet,62455,THITHIMATHI,939080,NOKYA SIDDAPURA
661768,P PERAJE,Kodagu,Madikeri,62383,Peraje,923915,P.PERAJE
153385,Sanivarsanthe,Kodagu,Somvarpet,62397,Shanivarasanthe,939272,HOSAHALLI ( SHANIVARASANTHE HOBLI)
661864,SIDDALINGAPURA,Kodagu,Kushalanagar,62421,Torenur,924018,SIDDALINGAPURA
695839,SRIMANAGALA,Kodagu,Ponnampet,62461,SRIMANGALA,924065,SRIMANAGALA
589788,Bangaranatha,Kolar,Bangarapet,236411,Thoppanahalli,622635,Bangaranatha
589731,Charla Dinne,Kolar,Kolar,0,0,622078,Charaladinne
153638,Chinnakote,Kolar,Bangarapet,62474,Chinna Kota,622847,Chinnakote (OG)
153641,DEVAGANAHALLI,Kolar,Bangarapet,62474,Chinna Kota,622848,Devaganahalli (OG)
589744,Dharmakrishnepalli,Kolar,Bangarapet,0,0,622706,Dharmakrishnepalli
589732,Ganeshpur,Kolar,Kolar,62633,Thoradevandahalli,621991,Ganeshapura
153639,Kathihalli,Kolar,Bangarapet,62474,Chinna Kota,622846,Kathihalli (OG)
696315,SONNANADODDI,Kolar,Malur,62647,HASANDAHALLI,622317,SONNANADODDI
157031,Anche Doddi,Mandya,Malvalli,62876,Nagegowdanadoddi,614749,Devalinganapura
156751,Chamikoppalu,Mandya,Krishnarajpet,62807,Hariharapura,613571,CHAMIKOPPLU
156773,Ganjigerekoppalu,Mandya,Krishnarajpet,62811,Ganjigere,613673,GANJIGEREKOPPALU
157805,K.r. Sagara,Mandya,Shrirangapattana,63009,K. R. Sagara,942729,Krishnarajasagara
156711,Neethimangala,Mandya,Krishnarajpet,62804,Haralahalli,613483,NEETHIMANGALA
595383,Shettynayakana Koppalu,Mandya,Krishnarajpet,62791,Sindhagatta,613480,SHETTANAYAKANKOPPALU
158874,Anechowkuru,Mysuru,Piriyapatna,63199,Malangi,618279,Anechowkur Forest
157986,ANKUPURA,Mysuru,SARAGURU,0,0,619013,Ankupura
158799,Bettadakaval,Mysuru,Piriyapatna,63189,Bettadatunga,618170,Bettadakaval
664413,Chamundibetta,Mysuru,Mysuru,299748,Chamundibetta,618837,Chamundibetta (OG)
157985,CHIKKAKUNDURU,Mysuru,SARAGURU,63032,M.C. THALALU,619012,Chikkakundur
158757,Gobbalikaval,Mysuru,Piriyapatna,63183,Kanagalu,618091,Gobbalikaval
158061,Gundathur,Mysuru,Heggadadevankote,63039,N.Belthur,619052,Gundathur
159012,Halavara Mata,Mysuru,Tirumakudal-narsipur,63222,Kolathuru,619360,HALAVARAMATA
157942,HALEMANCHAHALLI,Mysuru,SARAGURU,63027,MANUGANAHALLI,618976,Halemanchahalli
664401,Hinkal,Mysuru,Mysuru,299749,Hinkal,618829,Hinkal (CT)
676017,HOSAMALA,Mysuru,Heggadadevankote,299730,HOSAHOLALU,939277,ANTHARASANTHE KAVAL
590015,Hundimala,Mysuru,Hunsur,63048,Uyigondanahalli,618443,Husenpuranala
158011,INURMARIGUDIJUNGLE,Mysuru,SARAGURU,63034,B. MATAKERE,619111,AINURU MARIGUDI JANGAL
158026,IYANAPURA,Mysuru,SARAGURU,63034,B. MATAKERE,619055,AYYANAPURA
158863,Kathcuvinahalli Jungle,Mysuru,Piriyapatna,63198,Panchavlli,618292,Kachuvanahalli Jungle
664404,Lingabudipalya,Mysuru,Mysuru,63118,Srirampura,618839,Lingambudi (OG)
158884,Lingapura Forest,Mysuru,Piriyapatna,63200,Muttur,618246,Lingapura Forest
158004,MALLARAJAPURA,Mysuru,SARAGURU,63033,Hegganur,619082,Mallarajapura
158635,Ramashettipura,Mysuru,Nanjangud,63153,Dasanur,619304,Ramasettipura
664411,Sathagalli,Mysuru,Mysuru,63122,Hanchya,618835,Sathagalli (OG)
158059,Sundapura,Mysuru,Heggadadevankote,63039,N.Belthur,619037,Sundapura
143262,CHITTANAHALLI,RAMANAGARA,Magadi,60006,MATHIKERE,939013,CHITTANAHALLI.
143040,CHOODAHALLI,RAMANAGARA,Kanakapura,59975,Choodahalli,626497,Choodahalli
142914,DODDAKOPPA,RAMANAGARA,Kanakapura,59949,I.GOLLAHALLI,626571,Doddakoppa
142933,IRRALAPODU,RAMANAGARA,Kanakapura,59953,Bannimukkodlu,626625,Irlapodu
142105,KUNTHURUDODDI,RAMANAGARA,Channapatna,59852,THITTAMARANAHALLY,626259,Chikka Maluru
143066,KUNURU,RAMANAGARA,Kanakapura,59978,NARAYANAPURA,626483,Kunuru
143007,MURKANI,RAMANAGARA,Kanakapura,59966,SOMEDYAPANAHALLI,626435,Murkani
589746,PAPASHASTRI PALYA,RAMANAGARA,Magadi,59990,MADABAL,626034,Papasastripalya
665293,PURADHADODDI,RAMANAGARA,Kanakapura,59977,T.HOSAHALLI,626385,PURADHA DODDI (MARALAWADI HOBLI)
607402,RANGACHARIPALYA,RAMANAGARA,Magadi,59987,HANCHIKUPPE,626033,Rangacharipalya
696053,ANBALKHED,Raichur,Devadurga,63258,RAMADURGA,600663,ANBALKHED
700916,CHAPALKI,Raichur,Devadurga,328114,JALAHALLI,600540,CHAPALKI
589906,Dibbanakedi {d),Raichur,Sindhanur,63385,Jawalgera,601156,Dibbanakhed
699917,DURG,Raichur,Devadurga,63258,RAMADURGA,600665,DURG
159193,Earalagudda,Raichur,Devadurga,63251,Nagadadinni,600721,Sutardinni
700917,HAMPERGUNDI,Raichur,Devadurga,328115,JALAHALLI,600548,HAMPERGUNDI
700919,HIREHONKUNI,Raichur,Devadurga,63271,Masarkal,600630,HIREHONKUNI
692039,HORAHATTI,Raichur,Devadurga,63265,H. Siddapur,600555,HORAHATTI
692040,JAVGUD,Raichur,Devadurga,63258,RAMADURGA,600661,JAVGUD
700923,JOGALDINNI,Raichur,MASKI,63377,BAPPUR,601107,JOGALDINNI
589904,Kanakanaikana Doddi,Raichur,Sindhanur,63385,Jawalgera,601150,Konganaikandoddi
699916,LAXMINARAYANAPURA,Raichur,Devadurga,63259,Maladakal,600669,LAXMINARAYANAPURA
589902,Lokanaikana Doddi,Raichur,Sindhanur,63385,Jawalgera,601148,Locknaikandoddi
692037,MANGI GADDE,Raichur,Raichur,63347,ATHKOOR,600755,MANGI GADDE
700924,TAMALGHAT (D),Raichur,Raichur,63350,Baidoddi,600787,TAMALGHAT (D)
700918,YERKAMANDODDI,Raichur,Devadurga,328116,JALAHALLI,600550,YERKAMANDODDI
696311,BADADHABAILU,Shivamogga,Sorab,63618,Chandragutti,607520,BADADHABAILU
161748,Devagodikoppa,Shivamogga,Sorab,63631,Ulavi,607635,Devagundikoppa
161232,Javagatte,Shivamogga,Shikarpur,63556,Belagavi,607712,JAVAGATTE
665431,Kambaduru,Shivamogga,Shikarpur,63527,Harogoppa,607839,Kambadooru
665414,Keluve,Shivamogga,Sagar,63497,Kanle,926086,KELUVE
665418,Kesarghatta(be),Shivamogga,Shikarpur,63527,Harogoppa,607845,Kesaraghatta
161500,Oddigere,Shivamogga,Sorab,63608,Tatturu,925233,THATHURU VADDIGERE
665389,Suranagadde,Shivamogga,Sagar,63492,Bhimaneri,925015,SURANAGADDE
665402,Tattegundi,Shivamogga,Sagar,63503,Herenelluru,925026,TATTEGUNDI
665393,TORAVAGADU,Shivamogga,Sagar,63492,Bhimaneri,607138,Talakalale
161401,Totadakere,Shivamogga,Shivamogga,63592,Umblebilu,925200,TOTADAKERE
702936,YADAGOPPA,Shivamogga,Sorab,63595,Jade,607399,YADAGOPPA
665395,YALAKUNDLI,Shivamogga,Sagar,63503,Herenelluru,925027,YALAKUNDLI
163608,HALKURU KAVAL,TUMAKURU,Sira,0,0,610387,Halkur Kaval
163574,KALLUKOTE,TUMAKURU,Sira,63878,Bhuvanahalli,610366,Kallukote
162844,KITHNAMANGALA AMANIKERE,TUMAKURU,Kunigal,63767,Kithanamangala,612611,Kithanamangala Amanikere
588538,KUSUKUNTE KAVAL,TUMAKURU,Sira,63883,HONNAGONDANAHALLI,610368,Kusukunte Kaval
588561,MADHAVARAYANAPALYA,TUMAKURU,Koratagere,0,0,611226,Madhavarayanapalya
588642,MALLASANDRA KATTE,TUMAKURU,Gubbi,0,0,611647,Mallasandra Katte
164019,MALLASANDRA VOLAGERE KAVAL,TUMAKURU,Tumakuru,63932,Malasandra,611447,Mallasandra PALYA
665779,TAREMARADAPALYA,TUMAKURU,Kunigal,63772,HUTHRIDURGA,612558,Taremaradapalya
163463,VADANAKALLU,TUMAKURU,Pavagada,63855,VADANAKALLU,610544,Vadanakal
168572,Ambalapadi,Udupi,Udupi,65033,Ambalapadi,608861,Ambalpady (OG)
168575,Kadekar,Udupi,Udupi,65034,Kadekaru,608863,Kadekar (OG)
168570,Kelarkalabettu,Udupi,Udupi,65031,Thenkanidiyur,608859,Kelarkalabettu (OG)
168574,Kidiyoor,Udupi,Udupi,65033,Ambalapadi,608862,Kidiyoor (OG)
168576,Kuthpadi,Udupi,Udupi,65034,Kadekaru,608864,Kuthpady (OG)
164733,AMGA *,Uttara Kannada,DANDELI,64030,AMBIKANAGAR,602789,Amga
164600,Bobruwada,Uttara Kannada,Ankola,63998,Bobruwada,603405,Bobruwada (CT)
164724,CHINAGINKOP,Uttara Kannada,Haliyal,64028,JANAGA,602873,CHINAGINKOP
164992,Chitakula,Uttara Kannada,Karwar,64087,Chittakula,602629,Chitakula (OG)
165061,Hegde,Uttara Kannada,Kumta,64099,Hegde,603452,Hegde(Part)
165139,Ingalki,Uttara Kannada,Mundgod,64114,Pala,603068,Ingalki
164728,JAMAGA *,Uttara Kannada,DANDELI,64030,AMBIKANAGAR,602788,Jamaga
164859,Kakurve,Uttara Kannada,Honavar,64051,Navilgone,603732,Kakurve
165113,Kalbhag *,Uttara Kannada,Kumta,64109,Kalbhag,603528,Kalbagh (OG)
697070,KANCHINMALE,Uttara Kannada,Ankola,63996,AGSUR,603344,KANCHINMALE
164658,Lakkeguli,Uttara Kannada,Ankola,64011,HATTIKERI,603337,Lakkeguli
164580,Laxmeshwar,Uttara Kannada,Ankola,63994,Vandige,603408,Laxmeshwar (OG)
165244,Malubalgar,Uttara Kannada,Siddapur,64127,Hasaragod,603581,Malubalgar
693179,NELLURKANCHINBAIL,Uttara Kannada,Ankola,64011,HATTIKERI,603334,NELLURKANCHINBAIL
164577,Shirkuli,Uttara Kannada,Ankola,63993,Alageri,603406,Shirkuli (OG)
164602,Tenkankeri,Uttara Kannada,Ankola,63998,Bobruwada,603407,Tenkankeri (OG)
164581,Vandige,Uttara Kannada,Ankola,63994,Vandige,603409,Vandige (OG)
146012,ARAJUNAGI,VIJAYAPURA,BABALESHWAR,60946,Arjungi,599121,Arjunagi
145907,BISALAKOPPA,VIJAYAPURA,NIDAGUNDI,299790,GANI R C,599476,Bisalakoppa (R.C)
701085,DADAMATTI,VIJAYAPURA,BABALESHWAR,60983,SARAWAD,599114,DADAMATTI
146351,KAPANUR,VIJAYAPURA,Muddebihal,61060,RAKKASAGI,599642,Kapanur
692353,MUTTALADINNI,VIJAYAPURA,KOLHAR,60933,RONIHAL,599456,MUTTALADINNI
701084,SANGAPUR(H),VIJAYAPURA,BABALESHWAR,60959,HALAGANI,599126,SANGAPUR(H)
146101,SIDDAPUR K,VIJAYAPURA,Thikota,60985,Siddapur-K,599040,Siddapura
693324,SIDDAPUR K,VIJAYAPURA,Thikota,60985,Siddapur-K,599047,SIDDAPUR K
144885,ANANDADEVANAHALLI,Vijayanagar,HAGARIBOMMANAHALLI,60616,BACHIGUNDANAHALLI,924266,ADAVI ANANDA DEVANAHALLI
144900,ANANDADEVANAHALLI,Vijayanagar,HAGARIBOMMANAHALLI,60621,KADLEBALU,604660,HOSANANDEVANAHALLI
665636,ANEKAL THANDA,Vijayanagar,HAGARIBOMMANAHALLI,299924,MADHURU,917668,ANEKALLU THANDA
671295,Basavanadurga,Vijayanagar,Hosapete,60624,NAGENAHALLI,604709,Basavanadurga
144905,BELAGODU,Vijayanagar,Hosapete,60624,NAGENAHALLI,604720,Belagodu
150136,SANGAM,Yadgir,WADAGERA,62017,GONAL,621220,Sangam
