state,jjm_district,jjm_block,jjm_panchayat_id,jjm_panchayat,jjm_village_id,jjm_village,lgd_village_id,lgd_village,district_from_header,source_file,serial_no,lgd_village_code,lgd_gp_code,gp_name,district_name,subdistrict_name
Karnataka,BENGALURU RURAL,Dodballapur,59894,DARGAJOGIHALLI,142411,DARGAJOGIHALLI,625247,Dargajogihalli (OG),BENGALURU RURAL,BENGALURU RURAL.xls,211,625247.0,,,Bengaluru Rural,Doddaballapura
Karnataka,BENGALURU RURAL,Nelamangala,60019,HONNENAHALLI,698775,KG. SRINIVASAPURA,624756,KG. SRINIVASAPURA,BENGALURU RURAL,BENGALURU RURAL.xls,497,624756.0,,,Bengaluru Rural,Nelamangala
Karnataka,Bagalkote,Mudhol,59749,Laxanatti,141660,JALIKATTI KD,598621,Jalikatti(K.D),Bagalkote,Bagalkote.xls,277,598621.0,,,Bagalkote,Mudhol
Karnataka,Bagalkote,Mudhol,59749,Laxanatti,141661,Jalikatti Bk,598616,Jalikatti(B.K),Bagalkote,Bagalkote.xls,278,598616.0,,,Bagalkote,Mudhol
Karnataka,Belagavi,Gokak,60245,Akkatangerhal,143956,A-devalatti,597492,Arabhavi-Dhavalatti,Belagavi,Belagavi.xls,1,597492.0,,,Belagavi,Gokak
Karnataka,Belagavi,Gokak,60245,Akkatangerhal,143955,Akkatangerhal,597476,Akkatangerahal,Belagavi,Belagavi.xls,15,597476.0,,,Belagavi,Gokak
Karnataka,Belagavi,Gokak,60243,Ankalagi,143950,Ankalagi,597493,Ankalgi,Belagavi,Belagavi.xls,45,597493.0,,,Belagavi,Gokak
Karnataka,Belagavi,NIPPANI,60198,APPACHIWADI,703123,APPACHIWADI,597119,APPACHIWADI,Belagavi,Belagavi.xls,50,,,,,
Karnataka,Belagavi,Gokak,60248,Dhupadal,143963,Dhupadal,597442,Dhupadal,Belagavi,Belagavi.xls,295,597442.0,,,Belagavi,Gokak
Karnataka,Belagavi,Gokak,60245,Akkatangerhal,662228,Dum Urubinatti,597475,Dum Urabinahatti,Belagavi,Belagavi.xls,310,597475.0,,,Belagavi,Gokak
Karnataka,Belagavi,Kagawada,60056,KAGWAD,143620,KAGWAD,597276,Kagawad,Belagavi,Belagavi.xls,581,597276.0,,,Belagavi,Kagwad
Karnataka,Belagavi,Belagavi,60110,Kinye,143735,KUTTALAWADI,597741,Kuttalawadi,Belagavi,Belagavi.xls,745,597741.0,,,Belagavi,Belagavi
Karnataka,Belagavi,Gokak,60243,Ankalagi,143952,Lagameshwar,597523,Lakshmeshwar,Belagavi,Belagavi.xls,746,597523.0,,,Belagavi,Mudalgi
Karnataka,Belagavi,Gokak,60245,Akkatangerhal,143957,Panjanatti,597499,Panjanatti,Belagavi,Belagavi.xls,951,597499.0,,,Belagavi,Gokak
Karnataka,Belagavi,Belagavi,60114,Piranawadi,143704,Piranawadi,597800,Peeranwadi (CT),Belagavi,Belagavi.xls,965,597800.0,,,Belagavi,Belagavi
Karnataka,Belagavi,Yaragatti,60394,Yaragatti,144349,Yaragatti,598176,Yaragatti,Belagavi,Belagavi.xls,1217,598176.0,,,Belagavi,Yaragatti
Karnataka,Bengaluru Urban,Anekal,61335,Suragajakkanahalli,147850,Agasthimmanahalli,613262,CHATRAKHANE,Bengaluru Urban,Bengaluru Urban.xls,13,613262.0,,,Bengaluru Urban,Anekal
Karnataka,Bengaluru Urban,YELAHANKA,61391,Bandikodagehalli,148215,B K PALYA,938495,Arebinnamangala,Bengaluru Urban,Bengaluru Urban.xls,30,938495.0,,,Bengaluru Urban,Yelahanka
Karnataka,Bengaluru Urban,Bengaluru North,61377,Sondekoppa,665383,Baleveerana Halli,612805,K.G.Srikantapura,Bengaluru Urban,Bengaluru Urban.xls,37,612805.0,,,Bengaluru Urban,Bengaluru North
Karnataka,Bengaluru Urban,Bengaluru East,61437,Kannuru,665183,Bande Hosur,938226,AMANI BAIRATIKHANE,Bengaluru Urban,Bengaluru Urban.xls,43,938226.0,,,Bengaluru Urban,Bengaluru East
Karnataka,Bengaluru Urban,Anekal,61339,Indlavadi,665202,Basavanapura,613259,Ramasagara,Bengaluru Urban,Bengaluru Urban.xls,45,613259.0,,,Bengaluru Urban,Anekal
Karnataka,Bengaluru Urban,Bengaluru South,61401,Doddathoguru,148265,Bettadasanapura,613060,Bettadasanapura,Bengaluru Urban,Bengaluru Urban.xls,52,613060.0,,,Bengaluru Urban,Bengaluru South
Karnataka,Bengaluru Urban,Bengaluru South,299653,Channenahalli,665221,Channadasipalya,938427,ARAKERE,Bengaluru Urban,Bengaluru Urban.xls,94,938427.0,,,Bengaluru Urban,Bengaluru South
Karnataka,Bengaluru Urban,Bengaluru North,299657,Kachohalli,665302,Chikkagollarahatti,938346,BAGALAGUNTE,Bengaluru Urban,Bengaluru Urban.xls,105,938346.0,,,Bengaluru Urban,Bengaluru North
Karnataka,Bengaluru Urban,Bengaluru North,61368,Kodigehalli,665469,Chikkakodige Halli,939476,VYYALIKAVAL,Bengaluru Urban,Bengaluru Urban.xls,108,939476.0,,,Bengaluru Urban,Bengaluru North
Karnataka,Bengaluru Urban,Anekal,61335,Suragajakkanahalli,665239,Chinnaiahnapalya,613133,Gollahalli,Bengaluru Urban,Bengaluru Urban.xls,118,613133.0,,,Bengaluru Urban,Anekal
Karnataka,Bengaluru Urban,Anekal,61339,Indlavadi,665201,Choodahalli,613186,Sriramapura,Bengaluru Urban,Bengaluru Urban.xls,124,613186.0,,,Bengaluru Urban,Anekal
Karnataka,Bengaluru Urban,Anekal,61337,Vanakanahalli,147858,Choodenahalli,613258,Andapura,Bengaluru Urban,Bengaluru Urban.xls,126,613258.0,,,Bengaluru Urban,Anekal
Karnataka,Bengaluru Urban,Bengaluru South,61417,K.Gollahalli,148335,Devegere,939479,AGARA (BEGUR HOBLI),Bengaluru Urban,Bengaluru Urban.xls,135,939479.0,,,Bengaluru Urban,Bengaluru South
Karnataka,Bengaluru Urban,Bengaluru South,61403,Konappana Agrahara,148278,Dodda Nagamangala,613056,Doddanagamangala,Bengaluru Urban,Bengaluru Urban.xls,140,613056.0,,,Bengaluru Urban,Bengaluru South
Karnataka,Bengaluru Urban,Bengaluru South,61401,Doddathoguru,148268,Dodda Thogur,938419,CHIKKATOGURU,Bengaluru Urban,Bengaluru Urban.xls,142,938419.0,,,Bengaluru Urban,Bengaluru South
Karnataka,Bengaluru Urban,Bengaluru North,61373,Huskuru,665288,Doddapalya,939406,AGRAHARA THIMMASANDRA,Bengaluru Urban,Bengaluru Urban.xls,149,939406.0,,,Bengaluru Urban,Bengaluru North
Karnataka,Bengaluru Urban,Bengaluru North,61368,Kodigehalli,665474,Gangadipura,938343,VISHVANATHA NAGENAHALLI,Bengaluru Urban,Bengaluru Urban.xls,160,938343.0,,,Bengaluru Urban,Bengaluru North
Karnataka,Bengaluru Urban,Anekal,61333,Samandur,147836,Geritiganabele,613359,Attibele (CT),Bengaluru Urban,Bengaluru Urban.xls,167,613359.0,,,Bengaluru Urban,Anekal
Karnataka,Bengaluru Urban,Bengaluru South,61441,Chunchanakuppe,665578,Gopalanagara,939488,MARENAHALLI ( UTTARAHALLI HOBLI),Bengaluru Urban,Bengaluru Urban.xls,177,939488.0,,,Bengaluru Urban,Bengaluru South
Karnataka,Bengaluru Urban,YELAHANKA,61392,Marenahalli,148227,GOPALPURA,938533,CHIKKABOMMASANDRA,Bengaluru Urban,Bengaluru Urban.xls,179,938533.0,,,Bengaluru Urban,Yelahanka
Karnataka,Bengaluru Urban,Bengaluru South,61403,Konappana Agrahara,148280,Govindashettipalya,938477,AVALAHALLI,Bengaluru Urban,Bengaluru Urban.xls,184,938477.0,,,Bengaluru Urban,Bengaluru South
Karnataka,Bengaluru Urban,Bengaluru South,61441,Chunchanakuppe,148483,Gururayanapura,939493,SONNENAHALLI (KOTLU K.G),Bengaluru Urban,Bengaluru Urban.xls,195,939493.0,,,Bengaluru Urban,Bengaluru South
Karnataka,Bengaluru Urban,Bengaluru South,259828,H. Gollahalli,148320,H. Gollahalli,938480,HOSAKEREHALLI,Bengaluru Urban,Bengaluru Urban.xls,196,938480.0,,,Bengaluru Urban,Bengaluru South
Karnataka,Bengaluru Urban,Anekal,61333,Samandur,147832,Hompalgatta,613264,Banahalli,Bengaluru Urban,Bengaluru Urban.xls,223,613264.0,,,Bengaluru Urban,Anekal
Karnataka,Bengaluru Urban,Anekal,61335,Suragajakkanahalli,147848,Honnakalaspura,613355,Hebbagodi (CT),Bengaluru Urban,Bengaluru Urban.xls,226,613355.0,,,Bengaluru Urban,Anekal
Karnataka,Bengaluru Urban,YELAHANKA,299660,Sathanooru,700197,HOSAHALLI,612909,HOSAHALLI,Bengaluru Urban,Bengaluru Urban.xls,230,612909.0,,,Bengaluru Urban,Bengaluru North
Karnataka,Bengaluru Urban,Bengaluru South,61418,Kumbalagodu,665269,Hosapalya,938458,CHUNCHAGHATTA,Bengaluru Urban,Bengaluru Urban.xls,233,938458.0,,,Bengaluru Urban,Bengaluru South
Karnataka,Bengaluru Urban,Bengaluru North,61368,Kodigehalli,665471,Kannahalli Hosahalli,939475,ULLALU K.G,Bengaluru Urban,Bengaluru Urban.xls,292,939475.0,,,Bengaluru Urban,Bengaluru North
Karnataka,Bengaluru Urban,Bengaluru South,61441,Chunchanakuppe,665567,Karekalpalya,938424,NAGANATHAPURA,Bengaluru Urban,Bengaluru Urban.xls,296,938424.0,,,Bengaluru Urban,Bengaluru South
Karnataka,Bengaluru Urban,Bengaluru North,61368,Kodigehalli,665470,Kodigehalli Harijana Colony,612821,Thirumalapura,Bengaluru Urban,Bengaluru Urban.xls,320,612821.0,,,Bengaluru Urban,Bengaluru North
Karnataka,Bengaluru Urban,Anekal,61343,Kallubalu,147902,Konnasandra,613261,Chandapura,Bengaluru Urban,Bengaluru Urban.xls,331,613261.0,,,Bengaluru Urban,Anekal
Karnataka,Bengaluru Urban,Anekal,61360,Handenahalli,148003,Kotiganahalli,613263,Kittaganahalli,Bengaluru Urban,Bengaluru Urban.xls,335,613263.0,,,Bengaluru Urban,Anekal
Karnataka,Bengaluru Urban,Anekal,61333,Samandur,665236,Kuvempunagara,613254,Gollahalli,Bengaluru Urban,Bengaluru Urban.xls,350,613254.0,,,Bengaluru Urban,Anekal
Karnataka,Bengaluru Urban,Bengaluru South,61441,Chunchanakuppe,665539,Lakshmipura,938467,RAGHAVANAPALYA,Bengaluru Urban,Bengaluru Urban.xls,353,938467.0,,,Bengaluru Urban,Bengaluru South
Karnataka,Bengaluru Urban,Anekal,61333,Samandur,665231,Madiwala,613260,Heelalige,Bengaluru Urban,Bengaluru Urban.xls,368,613260.0,,,Bengaluru Urban,Anekal
Karnataka,Bengaluru Urban,Bengaluru North,273464,Kadabagere,665311,Mahimmannanapalya,939417,BOGENAHALLI,Bengaluru Urban,Bengaluru Urban.xls,372,939417.0,,,Bengaluru Urban,Bengaluru North
Karnataka,Bengaluru Urban,Anekal,61354,Bidaraguppe,665188,Mallenahallli,613360,Jigani (CT),Bengaluru Urban,Bengaluru Urban.xls,378,613360.0,,,Bengaluru Urban,Anekal
Karnataka,Bengaluru Urban,Anekal,61333,Samandur,147838,Marnayakanahalli,613265,Iggalur,Bengaluru Urban,Bengaluru Urban.xls,394,613265.0,,,Bengaluru Urban,Anekal
Karnataka,Bengaluru Urban,Anekal,61337,Vanakanahalli,147863,Menaseganahalli,939404,BAHDURPURA,Bengaluru Urban,Bengaluru Urban.xls,407,939404.0,,,Bengaluru Urban,Anekal
Karnataka,Bengaluru Urban,Bengaluru South,61440,Choolanayakanahalli,665502,Metipalya,938487,VASANTAPURA,Bengaluru Urban,Bengaluru Urban.xls,408,938487.0,,,Bengaluru Urban,Bengaluru South
Karnataka,Bengaluru Urban,Bengaluru South,259828,H. Gollahalli,665639,Nagegowdanapalya,939480,DASARAHALLI,Bengaluru Urban,Bengaluru Urban.xls,428,939480.0,,,Bengaluru Urban,Bengaluru South
Karnataka,Bengaluru Urban,Anekal,61354,Bidaraguppe,665194,Narasapura,613256,Kammasandra,Bengaluru Urban,Bengaluru Urban.xls,431,613256.0,,,Bengaluru Urban,Anekal
Karnataka,Bengaluru Urban,Bengaluru North,61377,Sondekoppa,665392,Parvathaiahana Palya,939411,BANGALORE,Bengaluru Urban,Bengaluru Urban.xls,448,939411.0,,,Bengaluru Urban,Bengaluru North
Karnataka,Bengaluru Urban,Bengaluru South,61412,Kagglipura,665227,Pattareddipalya,938489,BIKASHIPURA,Bengaluru Urban,Bengaluru Urban.xls,450,938489.0,,,Bengaluru Urban,Bengaluru South
Karnataka,Bengaluru Urban,Bengaluru North,61377,Sondekoppa,665380,Pitaganapalya,939414,BARAGI MUDDENAHALLI,Bengaluru Urban,Bengaluru Urban.xls,453,939414.0,,,Bengaluru Urban,Bengaluru North
Karnataka,Bengaluru Urban,Anekal,61343,Kallubalu,665298,Poojiganapalya,613269,Laxmi Sagara,Bengaluru Urban,Bengaluru Urban.xls,454,613269.0,,,Bengaluru Urban,Anekal
Karnataka,Bengaluru Urban,Bengaluru South,299653,Channenahalli,665199,Puttaiahnapalya,938417,BERATENA AGRAHARA,Bengaluru Urban,Bengaluru Urban.xls,457,938417.0,,,Bengaluru Urban,Bengaluru South
Karnataka,Bengaluru Urban,Bengaluru North,61374,Alur,665211,Pylvanarapalya,939407,AKKITHIMMANAHALLI,Bengaluru Urban,Bengaluru Urban.xls,458,939407.0,,,Bengaluru Urban,Bengaluru North
Karnataka,Bengaluru Urban,YELAHANKA,61393,BAGALUR,665209,RAJAKSABPALYA,938541,AMRUTAHALLI,Bengaluru Urban,Bengaluru Urban.xls,463,938541.0,,,Bengaluru Urban,Yelahanka
Karnataka,Bengaluru Urban,Anekal,61363,Neriga,148030,Ramanayakanahalli,613357,Bommasandra (CT),Bengaluru Urban,Bengaluru Urban.xls,469,613357.0,,,Bengaluru Urban,Anekal
Karnataka,Bengaluru Urban,Bengaluru South,61412,Kagglipura,665230,Saalu Hunase,938430,BILEKAHALLI,Bengaluru Urban,Bengaluru Urban.xls,481,938430.0,,,Bengaluru Urban,Bengaluru South
Karnataka,Bengaluru Urban,Anekal,61333,Samandur,147833,Sabmangala,613257,Vaddara Palya,Bengaluru Urban,Bengaluru Urban.xls,482,613257.0,,,Bengaluru Urban,Anekal
Karnataka,Bengaluru Urban,Anekal,61344,Hulimangala,665581,Shikaripalya,938194,KUDLU,Bengaluru Urban,Bengaluru Urban.xls,504,938194.0,,,Bengaluru Urban,Anekal
Karnataka,Bengaluru Urban,Anekal,61335,Suragajakkanahalli,147851,Sonnayakanapura,613162,Thirupalya,Bengaluru Urban,Bengaluru Urban.xls,521,613162.0,,,Bengaluru Urban,Anekal
Karnataka,Bengaluru Urban,Bengaluru South,61441,Chunchanakuppe,148479,Subbarayappanapalya,938444,VALAGERAHALLI,Bengaluru Urban,Bengaluru Urban.xls,526,938444.0,,,Bengaluru Urban,Bengaluru South
Karnataka,Bengaluru Urban,Anekal,61335,Suragajakkanahalli,147857,Surgajakanahalli,613255,Veerasandra,Bengaluru Urban,Bengaluru Urban.xls,533,613255.0,,,Bengaluru Urban,Anekal
Karnataka,Bengaluru Urban,Anekal,61343,Kallubalu,147898,Vaderamanchenahalli,613166,Kyalasanahalli,Bengaluru Urban,Bengaluru Urban.xls,571,613166.0,,,Bengaluru Urban,Anekal
Karnataka,Bengaluru Urban,Anekal,61337,Vanakanahalli,147864,Vannakanahalli,613167,Bande Nalla Sandra,Bengaluru Urban,Bengaluru Urban.xls,574,613167.0,,,Bengaluru Urban,Anekal
Karnataka,Bengaluru Urban,Bengaluru South,299654,Nelaguli,665285,Veerasandra,938478,CHANNASANDRA,Bengaluru Urban,Bengaluru Urban.xls,578,938478.0,,,Bengaluru Urban,Bengaluru South
Karnataka,Bidar,Bidar,60862,Aliabad (j),693388,ALIABAD (J),600256,ALIABAD (J),Bidar,Bidar.xls,5,600256.0,,,Bidar,Bidar
Karnataka,Bidar,Bidar,60844,Amalapur,145688,Amlapur,600186,Amlapur,Bidar,Bidar.xls,19,600186.0,,,Bidar,Bidar
Karnataka,Bidar,Aurad,60738,CHINTAKI,692352,ASHOKNAGAR,600082,ASHOKNAGAR,Bidar,Bidar.xls,22,600082.0,,,Bidar,Aurad
Karnataka,Bidar,Bidar,60867,Markal,145771,Chikpet,600155,Chikpet,Bidar,Bidar.xls,107,600155.0,,,Bidar,Bidar
Karnataka,Bidar,Bidar,60862,Aliabad (j),145746,Chondi,600192,Chondi,Bidar,Bidar.xls,120,600192.0,,,Bidar,Bidar
Karnataka,Bidar,Bidar,60862,Aliabad (j),145747,Chowli,600193,Chouli,Bidar,Bidar.xls,122,600193.0,,,Bidar,Bidar
Karnataka,Bidar,Aurad,299936,Gudapalli,664579,Gandhinagar,600091,Gandhinagar,Bidar,Bidar.xls,159,600091.0,,,Bidar,Aurad
Karnataka,Bidar,Bidar,60844,Amalapur,145689,Gornalli (b),600189,Gornalli(B),Bidar,Bidar.xls,174,600189.0,,,Bidar,Bidar
Karnataka,Bidar,Bidar,60861,Kolar (k),588457,Hajjargi,923711,HAJJARAGI,Bidar,Bidar.xls,187,923711.0,,,Bidar,Bidar
Karnataka,Bidar,Bidar,60839,Gadgi,145670,Kabirwada,600170,Kabirwada,Bidar,Bidar.xls,265,600170.0,,,Bidar,Bidar
Karnataka,Bidar,Bidar,60861,Kolar (k),145743,Kolar (k),600194,Kolhar (K),Bidar,Bidar.xls,327,600194.0,,,Bidar,Bidar
Karnataka,Bidar,Bidar,60839,Gadgi,145663,Mamankeri,600157,Mamankeri,Bidar,Bidar.xls,376,600157.0,,,Bidar,Bidar
Karnataka,Bidar,Bidar,60861,Kolar (k),145745,Nizampur,600199,Nizampur,Bidar,Bidar.xls,462,600199.0,,,Bidar,Bidar
Karnataka,Bidar,Bidar,60841,Austoor,145679,Odwada,600171,Odwada,Bidar,Bidar.xls,463,600171.0,,,Bidar,Bidar
Karnataka,Bidar,Bidar,60839,Gadgi,145662,Shamrajpur,600169,Shamrajapur,Bidar,Bidar.xls,508,600169.0,,,Bidar,Bidar
Karnataka,Bidar,Bidar,60839,Gadgi,145661,Sippalgera,600159,Sippalgeri,Bidar,Bidar.xls,523,600159.0,,,Bidar,Bidar
Karnataka,Bidar,Bidar,60841,Austoor,145677,Tajlapur,600172,Tajlapur,Bidar,Bidar.xls,545,600172.0,,,Bidar,Bidar
Karnataka,Bidar,Aurad,60736,Jambgi,697487,VIJAYNAGAR,600118,VIJAYNAGAR,Bidar,Bidar.xls,569,600118.0,,,Bidar,Aurad
Karnataka,Chikkaballapura,Gauribidanur,62588,BYCHAPURA,154635,BADIMARALUR,623244,Badimaralur,Chikkaballapura,Chikkaballapura.xls,78,623244.0,,,Chikkaballapura,Gauribidanur
Karnataka,Chikkaballapura,Gauribidanur,62583,PURA,699972,BAYAMAKALAHALLY,623389,BAYAMAKALAHALLY,Chikkaballapura,Chikkaballapura.xls,117,623389.0,,,Chikkaballapura,Manchenahalli
Karnataka,Chikkaballapura,Chikballapur,62524,Thippanahalli,699543,BODHAGANAHALLI,623564,BODHAGANAHALLI,Chikkaballapura,Chikkaballapura.xls,153,623564.0,,,Chikkaballapura,Chikkaballapura
Karnataka,Chikkaballapura,Gauribidanur,62597,Mudagere,694066,BOMMSETTYHALLY,623206,BOMMSETTYHALLY,Chikkaballapura,Chikkaballapura.xls,166,623206.0,,,Chikkaballapura,Gauribidanur
Karnataka,Chikkaballapura,Gauribidanur,62564,THONDEBAVI,694558,CHARAKAMITTENAHALLY,623377,CHARAKAMITTENAHALLY,Chikkaballapura,Chikkaballapura.xls,212,623377.0,,,Chikkaballapura,Gauribidanur
Karnataka,Chikkaballapura,Gauribidanur,62586,B.BOMMASANDRA,698446,CHEELAMANAHALLY,623332,CHEELAMANAHALLY,Chikkaballapura,Chikkaballapura.xls,215,623332.0,,,Chikkaballapura,Gauribidanur
Karnataka,Chikkaballapura,Gauribidanur,62585,ALAKAPURA,694064,CHIKKAHANUMENAHALLY,623337,CHIKKAHANUMENAHALLY,Chikkaballapura,Chikkaballapura.xls,235,623337.0,,,Chikkaballapura,Gauribidanur
Karnataka,Chikkaballapura,Chintamani,62557,BURUDAGUNTE,154443,CHIKKAKURUBARAHALLY,624315,Kurubarahalli,Chikkaballapura,Chikkaballapura.xls,241,624315.0,,,Chikkaballapura,Chelur
Karnataka,Chikkaballapura,Gauribidanur,62586,B.BOMMASANDRA,698447,CHINCHENAHALLY,623335,CHINCHENAHALLY,Chikkaballapura,Chikkaballapura.xls,256,623335.0,,,Chikkaballapura,Gauribidanur
Karnataka,Chikkaballapura,Chikballapur,62507,MANDIKAL,694060,DARBUR,623474,DARBUR,Chikkaballapura,Chikkaballapura.xls,287,623474.0,,,Chikkaballapura,Chikkaballapura
Karnataka,Chikkaballapura,Gauribidanur,62565,D.PALYA,694063,GOLLACHINNENAHALLY,623322,GOLLACHINNENAHALLY,Chikkaballapura,Chikkaballapura.xls,401,623322.0,,,Chikkaballapura,Gauribidanur
Karnataka,Chikkaballapura,Gauribidanur,62593,Sonaganahalli,694065,GURUPANAHALLY,623213,GURUPANAHALLY,Chikkaballapura,Chikkaballapura.xls,459,623213.0,,,Chikkaballapura,Gauribidanur
Karnataka,Chikkaballapura,Sidlaghatta,62715,Jangamakote,699976,J.KURUBARAHALLI,624273,J.KURUBARAHALLI,Chikkaballapura,Chikkaballapura.xls,541,624273.0,,,Chikkaballapura,Sidlaghatta
Karnataka,Chikkaballapura,Gudibanda,62605,ULLODU,694067,RURAL GUDIBANDA,623712,RURAL GUDIBANDA,Chikkaballapura,Chikkaballapura.xls,1064,623712.0,,,Chikkaballapura,Gudibanda
Karnataka,Chikkaballapura,Gauribidanur,62568,G.BOMMSANDRA,154524,VEDALAVENI,623264,Vedalaveni,Chikkaballapura,Chikkaballapura.xls,1224,623264.0,,,Chikkaballapura,Gauribidanur
Karnataka,Chitradurga,Hosdurga,65316,Madhure,169932,B.v.nagara,605849,Kanivesangenahalli,Chitradurga,Chitradurga.xls,54,605849.0,,,Chitradurga,Hosdurga
Karnataka,Chitradurga,Challakere,65188,CHOWLUR,169114,Chowluru 2,605404,Chowlur Kaval,Chitradurga,Chitradurga.xls,191,605404.0,,,Chitradurga,Challakere
Karnataka,Chitradurga,Challakere,65201,Belagere,169207,Kyathanamale,605413,Kyathanamale,Chitradurga,Chitradurga.xls,577,605413.0,,,Chitradurga,Challakere
Karnataka,Chitradurga,Challakere,65190,Parashuramapura,169125,Parasuramapura 2,605403,Parashuramapura Kaval,Chitradurga,Chitradurga.xls,743,605403.0,,,Chitradurga,Challakere
Karnataka,Chitradurga,Hosdurga,65313,Jankal,694925,SEVANAGARA,605911,SEVANAGARA,Chitradurga,Chitradurga.xls,812,605911.0,,,Chitradurga,Hosdurga
Karnataka,Chitradurga,Challakere,65201,Belagere,696750,SIDDESHWARA BADAVANE,605412,SIDDESHWARA BADAVANE,Chitradurga,Chitradurga.xls,825,605412.0,,,Chitradurga,Challakere
Karnataka,Chitradurga,Holalkere,65344,Tekalavatti,663713,T Gollarahalli,605693,Gollarahalli,Chitradurga,Chitradurga.xls,857,605693.0,,,Chitradurga,Holalkere
Karnataka,Chitradurga,Challakere,65188,CHOWLUR,701273,VISHWANATHAPURA,605395,VISHWANATHAPURA,Chitradurga,Chitradurga.xls,933,605395.0,,,Chitradurga,Challakere
Karnataka,Dakshina Kannada,Mangaluru,61538,Bajpe,148679,Bajpe,617500,Bajpe (CT),Dakshina Kannada,Dakshina Kannada.xls,43,617500.0,,,Dakshina Kannada,Mangaluru
Karnataka,Dakshina Kannada,KADABA,61590,KADABA,148795,KADABA,617727,Kadaba,Dakshina Kannada,Dakshina Kannada.xls,115,617727.0,,,Dakshina Kannada,Kadaba
Karnataka,Dakshina Kannada,Mangaluru,61570,Malavooru,148756,Kenjaru,617502,Kenjar (CT),Dakshina Kannada,Dakshina Kannada.xls,152,617502.0,,,Dakshina Kannada,Mangaluru
Karnataka,Dakshina Kannada,Mangaluru,299992,Kateelu,148722,Kilenjaru,617447,Kilenjur,Dakshina Kannada,Dakshina Kannada.xls,156,617447.0,,,Dakshina Kannada,Mulki
Karnataka,Dakshina Kannada,KADABA,61590,KADABA,148796,KODIMBALA,617728,Kodimbala,Dakshina Kannada,Dakshina Kannada.xls,162,617728.0,,,Dakshina Kannada,Kadaba
Karnataka,Dakshina Kannada,Mangaluru,299992,Kateelu,148723,Kondemula,617449,Kondemula,Dakshina Kannada,Dakshina Kannada.xls,181,617449.0,,,Dakshina Kannada,Mulki
Karnataka,Dakshina Kannada,Mangaluru,61570,Malavooru,148757,Malavooru,617480,Malavoor,Dakshina Kannada,Dakshina Kannada.xls,207,617480.0,,,Dakshina Kannada,Mangaluru
Karnataka,Dakshina Kannada,Mangaluru,61551,Mannabettu,148719,Mannabettu,617442,Menna Bettu,Dakshina Kannada,Dakshina Kannada.xls,215,617442.0,,,Dakshina Kannada,Mulki
Karnataka,Dakshina Kannada,Mangaluru,299992,Kateelu,148721,Nadugodu,617448,Nadugodu,Dakshina Kannada,Dakshina Kannada.xls,241,617448.0,,,Dakshina Kannada,Mulki
Karnataka,Dakshina Kannada,Mangaluru,61557,Someshwara,148733,Someshwara,617517,Someshwar (CT),Dakshina Kannada,Dakshina Kannada.xls,329,617517.0,,,Dakshina Kannada,Ullala
Karnataka,Dakshina Kannada,Mangaluru,61544,Kinnigoli,148701,Talippady,617499,Talipady (CT),Dakshina Kannada,Dakshina Kannada.xls,335,617499.0,,,Dakshina Kannada,Mulki
Karnataka,Dakshina Kannada,Mangaluru,61544,Kinnigoli,148702,Yelathuru,617439,Elathur,Dakshina Kannada,Dakshina Kannada.xls,363,617439.0,,,Dakshina Kannada,Mulki
Karnataka,Davangere,Honnali,64821,Haveli Kadadakatte,168010,Devanayakanahalli,606824,Devanayakanahalli,Davangere,Davangere.xls,135,606824.0,,,Davanagere,Honnali
Karnataka,Davangere,Harihara,64795,Kondajji,167951,GANGANARASI,606276,Ganganarasi,Davangere,Davangere.xls,174,606276.0,,,Davanagere,Harihar
Karnataka,Davangere,Honnali,64821,Haveli Kadadakatte,168007,Hiremata,606820,Hiremata,Davangere,Davangere.xls,260,606820.0,,,Davanagere,Honnali
Karnataka,Hassan,Hassan,62299,B.katihalli,152693,B.katihalli,616230,B.Kattihalli (OG),Hassan,Hassan.xls,143,616230.0,,,Hassan,Hassan
Karnataka,Hassan,Hassan,62279,Boovanahalli,152496,Boovanahalli,616066,Boovanahalli,Hassan,Hassan.xls,349,616066.0,,,Hassan,Hassan
Karnataka,Hassan,Hassan,62294,Haralahalli,152641,Doddahonnehalli,616054,Doddahonnenahalli,Hassan,Hassan.xls,596,616054.0,,,Hassan,Hassan
Karnataka,Hassan,Hassan,62302,Kandali,152718,Doddamandignahalli,616232,Doddamandiganahalli (OG),Hassan,Hassan.xls,607,616232.0,,,Hassan,Hassan
Karnataka,Hassan,Hassan,62279,Boovanahalli,152497,Gavenahalli,616058,Gavenahalli,Hassan,Hassan.xls,674,616058.0,,,Hassan,Hassan
Karnataka,Hassan,Hassan,62283,Handinakere,152531,Guddenahalli,616231,Guddenahalli (OG),Hassan,Hassan.xls,720,616231.0,,,Hassan,Hassan
Karnataka,Hassan,Hassan,62294,Haralahalli,152638,Haralahalli,616227,Haralahalli (CT),Hassan,Hassan.xls,824,616227.0,,,Hassan,Hassan
Karnataka,Hassan,Hassan,62275,Sathyamangala,152460,Sathayamagala,616228,Satyamangala (CT),Hassan,Hassan.xls,1960,616228.0,,,Hassan,Hassan
Karnataka,Hassan,Hassan,62294,Haralahalli,152640,Yediyur,616053,Yadiyur,Hassan,Hassan.xls,2266,616053.0,,,Hassan,Hassan
Karnataka,Haveri,RATTIHALLI,64536,KADUR,645720,HADE,924845,HADE,Haveri,Haveri.xls,210,,,,,
Karnataka,Haveri,Byadgi,64444,Tadasa,699409,halegungarakoppa,604111,halegungarakoppa,Haveri,Haveri.xls,216,604111.0,,,Haveri,Hangal
Karnataka,Haveri,Ranebennur,64583,Kodiyala,697793,KODIYALA,604583,KODIYALA,Haveri,Haveri.xls,403,604583.0,,,Haveri,Ranibennur
Karnataka,Kalaburagi,Chincholi,61840,Ainolli,149469,Bhogalingadalli,938551,BOMMANAHALLI,Kalaburagi,Kalaburagi.xls,111,938551.0,,,Kalaburagi,Chincholi
Karnataka,Kalaburagi,KALAGI,61867,TENGLI,149591,DONNUR,620608,Donnur,Kalaburagi,Kalaburagi.xls,198,620608.0,,,Kalaburagi,Kalagi
Karnataka,Kalaburagi,KAMALAPUR,61896,KAMALAPUR,149638,KAMALAPUR,620198,Kamalapur,Kalaburagi,Kalaburagi.xls,395,620198.0,,,Kalaburagi,Kamalapur
Karnataka,Kalaburagi,Kalaburagi,61934,Nandikoor,589686,Kotnoor (d),620322,Kotnoor Darwesh (OG),Kalaburagi,Kalaburagi.xls,479,620322.0,,,Kalaburagi,Kalaburagi
Karnataka,Kodagu,Kushalanagar,62420,HEBBALE,697796,HEBBALE,617974,HEBBALE,Kodagu,Kodagu.xls,114,,,,,
Karnataka,Kodagu,Ponnampet,62465,Balyamandur,695840,MUGUTAGERI,618065,MUGUTAGERI,Kodagu,Kodagu.xls,229,618065.0,,,Kodagu,Ponnampet
Karnataka,Kodagu,Kushalanagar,62419,MULLUSOGE,153495,MULLUSOGE,617984,Mullusoge,Kodagu,Kodagu.xls,232,617984.0,,,Kodagu,Kushalnagar
Karnataka,Kolar,Kolar,62638,Chowdadenahalli,155101,Bettahosapura,621804,Bettahosapura,Kolar,Kolar.xls,169,621804.0,,,Kolar,Kolar
Karnataka,Kolar,Kolar,62624,Kurugal,154980,Chandrashekarpura,621792,Chandrasekarapura,Kolar,Kolar.xls,257,621792.0,,,Kolar,Kolar
Karnataka,Kolar,Kolar,62638,Chowdadenahalli,155099,Chikkavallabhi,621814,Chikkavallabi,Kolar,Kolar.xls,304,621814.0,,,Kolar,Kolar
Karnataka,Kolar,Kolar,62624,Kurugal,154979,Harjenahalli,621786,Harjenahalli,Kolar,Kolar.xls,541,621786.0,,,Kolar,Kolar
Karnataka,Kolar,Kolar,62638,Chowdadenahalli,155097,Kalva,621813,Kalva,Kolar,Kolar.xls,694,621813.0,,,Kolar,Kolar
Karnataka,Kolar,Kolar,62624,Kurugal,154981,Korati Mallandahalli,621793,Korati Mallandahalli,Kolar,Kolar.xls,831,621793.0,,,Kolar,Kolar
Karnataka,Kolar,Kolar,62624,Kurugal,154978,Kurugal,621791,Kurugal,Kolar,Kolar.xls,884,621791.0,,,Kolar,Kolar
Karnataka,Kolar,Kolar,62617,Sulur,154913,Madivala,621788,Madivala,Kolar,Kolar.xls,934,621788.0,,,Kolar,Kolar
Karnataka,Kolar,Kolar,62624,Kurugal,154982,Mallayappanahalli,621787,Maliyappanahalli,Kolar,Kolar.xls,958,621787.0,,,Kolar,Kolar
Karnataka,Kolar,Kolar,62624,Kurugal,154984,Manchandalahalli,621789,Manchandahalli,Kolar,Kolar.xls,962,621789.0,,,Kolar,Kolar
Karnataka,Kolar,Kolar,62638,Chowdadenahalli,155098,Manjali,621803,Manjili,Kolar,Kolar.xls,973,621803.0,,,Kolar,Kolar
Karnataka,Kolar,Kolar,62643,Vemagal,155141,Perjenahalli,621785,Perjenahalli,Kolar,Kolar.xls,1179,621785.0,,,Kolar,Kolar
Karnataka,Kolar,Kolar,62639,Settihalli,155104,Purahalli,621783,Purahalli,Kolar,Kolar.xls,1210,621783.0,,,Kolar,Kolar
Karnataka,Kolar,Kolar,62643,Vemagal,155140,Singehalli,621797,Singihalli,Kolar,Kolar.xls,1317,621797.0,,,Kolar,Kolar
Karnataka,Kolar,Kolar,62643,Vemagal,155137,Vemgal,621798,Vemagal,Kolar,Kolar.xls,1481,621798.0,,,Kolar,Kolar
Karnataka,Mandya,Nagamangala,62939,Chunchanahalli,157307,Ambalajeera Halli,613701,Ambaljeeranahalli,Mandya,Mandya.xls,37,613701.0,,,Mandya,Nagamangala
Karnataka,Mandya,Nagamangala,62957,Karadahalli,157539,Beereswara Pura,613898,Beereswarapura,Mandya,Mandya.xls,154,613898.0,,,Mandya,Nagamangala
Karnataka,Mandya,Nagamangala,62958,Bogadhi,157554,Gidavinachannapura,613831,Gidavinachannapura,Mandya,Mandya.xls,439,613831.0,,,Mandya,Nagamangala
Karnataka,Mandya,Nagamangala,62952,Palagrahara,157471,Gunda Kallu Hosur,613890,Gundakallu Hosur,Mandya,Mandya.xls,479,613890.0,,,Mandya,Nagamangala
Karnataka,Mandya,Nagamangala,62952,Palagrahara,157472,Kasuvina Halli,613891,Kasuvinahalli,Mandya,Mandya.xls,761,613891.0,,,Mandya,Nagamangala
Karnataka,Mandya,Nagamangala,62939,Chunchanahalli,157300,Lakshmi Pura,613709,Laxmipura,Mandya,Mandya.xls,852,613709.0,,,Mandya,Nagamangala
Karnataka,Mandya,Krishnarajpet,62794,Santhebachahalli,156623,Lakshmipura,613461,Laxmipura,Mandya,Mandya.xls,853,613461.0,,,Mandya,Krishnarajpet
Karnataka,Mandya,Mandya,62903,Thaggahalli,157131,T.malligere,614491,T.Mallegere,Mandya,Mandya.xls,1211,614491.0,,,Mandya,Mandya
Karnataka,Mandya,Nagamangala,62940,Nalligere,157312,Thavare Kere,613723,Thavarekere,Mandya,Mandya.xls,1229,613723.0,,,Mandya,Nagamangala
Karnataka,Mandya,Nagamangala,62951,Anchechittanahalli,157458,Uppara Halli,613885,Upparahalli,Mandya,Mandya.xls,1268,613885.0,,,Mandya,Nagamangala
Karnataka,Mandya,Nagamangala,62940,Nalligere,157315,Vaddara Halli,613722,Vaddarahalli,Mandya,Mandya.xls,1277,613722.0,,,Mandya,Nagamangala
Karnataka,Mysuru,Mysuru,63135,Alanahalli,665697,Alanahally,618836,Alanahalli (OG),Mysuru,Mysuru.xls,25,618836.0,,,Mysuru,Mysuru
Karnataka,Mysuru,Mysuru,63124,Hosahundi,158523,Bandipalya,618733,Bandipalya,Mysuru,Mysuru.xls,84,618733.0,,,Mysuru,Mysuru
Karnataka,Mysuru,Tirumakudal-narsipur,63237,Karohatti,159064,Bannahalli,619401,Bannahalli,Mysuru,Mysuru.xls,87,619401.0,,,Mysuru,Tirumakudal - Narsipur
Karnataka,Mysuru,Mysuru,63131,Belavadi,158555,Belavadi,618707,Belavadi,Mysuru,Mysuru.xls,124,618707.0,,,Mysuru,Mysuru
Karnataka,Mysuru,Mysuru,299747,Bogadi,664412,Bogadi,618830,Bhogadi (CT),Mysuru,Mysuru.xls,158,618830.0,,,Mysuru,Mysuru
Karnataka,Mysuru,Mysuru,63118,Srirampura,158496,Goruru,618738,Gurur,Mysuru,Mysuru.xls,344,618738.0,,,Mysuru,Mysuru
Karnataka,Mysuru,Mysuru,63124,Hosahundi,158522,Gudumadanahally,618810,Gudumadanahalli,Mysuru,Mysuru.xls,350,618810.0,,,Mysuru,Mysuru
Karnataka,Mysuru,Mysuru,63122,Hanchya,158515,Hanchya,618729,Hanchya,Mysuru,Mysuru.xls,399,618729.0,,,Mysuru,Mysuru
Karnataka,Mysuru,Mysuru,299749,Hinkal,664401,Hinkal,618829,Hinkal (CT),Mysuru,Mysuru.xls,454,618829.0,,,Mysuru,Mysuru
Karnataka,Mysuru,Mysuru,63124,Hosahundi,158520,Hosahundi,618732,Hosahundi,Mysuru,Mysuru.xls,482,618732.0,,,Mysuru,Mysuru
Karnataka,Mysuru,Mysuru,299750,Maratikyathanahalli,158446,Jettihundi,618715,Jettihundi,Mysuru,Mysuru.xls,546,618715.0,,,Mysuru,Mysuru
Karnataka,Mysuru,Mysuru,63131,Belavadi,158556,K.hemmanahally,618713,K.Hemmanahalli,Mysuru,Mysuru.xls,558,618713.0,,,Mysuru,Mysuru
Karnataka,Mysuru,Mysuru,63125,Kadakola,158524,Kadakola,618832,Kadakola (CT),Mysuru,Mysuru.xls,563,618832.0,,,Mysuru,Mysuru
Karnataka,Mysuru,Mysuru,63118,Srirampura,158494,Kalalavadi,618759,Kalalavadi,Mysuru,Mysuru.xls,578,618759.0,,,Mysuru,Mysuru
Karnataka,Mysuru,Mysuru,63105,Birihundi,158444,Kergalli,618746,Kergalli,Mysuru,Mysuru.xls,665,618746.0,,,Mysuru,Mysuru
Karnataka,Mysuru,Mysuru,63109,Koorgally,158464,Koorgally,618827,Hutagalli (CT),Mysuru,Mysuru.xls,707,618827.0,,,Mysuru,Mysuru
Karnataka,Mysuru,Mysuru,63118,Srirampura,158495,Kupaluru,618734,Kuppaluru,Mysuru,Mysuru.xls,739,618734.0,,,Mysuru,Mysuru
Karnataka,Mysuru,Mysuru,63118,Srirampura,664404,Lingabudipalya,618839,Lingambudi (OG),Mysuru,Mysuru.xls,765,618839.0,,,Mysuru,Mysuru
Karnataka,Mysuru,Mysuru,63131,Belavadi,158557,Madagally,618714,Madagalli,Mysuru,Mysuru.xls,779,618714.0,,,Mysuru,Mysuru
Karnataka,Mysuru,Mysuru,63109,Koorgally,158465,Maidanahally,618704,Mydanahalli,Mysuru,Mysuru.xls,799,618704.0,,,Mysuru,Mysuru
Karnataka,Mysuru,Mysuru,63125,Kadakola,158525,Mandakahally,618739,Mandakalli,Mysuru,Mysuru.xls,826,618739.0,,,Mysuru,Mysuru
Karnataka,Mysuru,Mysuru,299750,Maratikyathanahalli,158447,Martikyathanahally,618745,Maratikyathanahalli,Mysuru,Mysuru.xls,855,618745.0,,,Mysuru,Mysuru
Karnataka,Mysuru,Mysuru,63109,Koorgally,158466,Megalapura,618703,Megalapura,Mysuru,Mysuru.xls,867,618703.0,,,Mysuru,Mysuru
Karnataka,Mysuru,Mysuru,63124,Hosahundi,158521,S.uthanahally,618790,Sarakariuthanahalli,Mysuru,Mysuru.xls,1006,618790.0,,,Mysuru,Mysuru
Karnataka,Mysuru,Mysuru,63122,Hanchya,664411,Sathagalli,618835,Sathagalli (OG),Mysuru,Mysuru.xls,1019,618835.0,,,Mysuru,Mysuru
Karnataka,Mysuru,Mysuru,63118,Srirampura,664407,Srirampura,618831,Srirampura (CT),Mysuru,Mysuru.xls,1069,618831.0,,,Mysuru,Mysuru
Karnataka,RAMANAGARA,Kanakapura,59982,DODDAMUDAVADI,699549,ARUTIPALYA,626366,ARUTIPALYA,RAMANAGARA,RAMANAGARA.xls,49,626366.0,,,Bengaluru South,Harohalli
Karnataka,RAMANAGARA,Magadi,60010,AGALAKOTE,603387,BESTHARAPALYA,626007,Varthenahalli,RAMANAGARA,RAMANAGARA.xls,95,626007.0,,,Bengaluru South,Magadi
Karnataka,RAMANAGARA,Magadi,236412,NARASANDRA,607416,CHEELURU,625851,Chilur,RAMANAGARA,RAMANAGARA.xls,141,625851.0,,,Bengaluru South,Magadi
Karnataka,RAMANAGARA,Kanakapura,59946,DYAVASANDRA,142896,DYAVASANDRA,626376,Dyavasandra,RAMANAGARA,RAMANAGARA.xls,214,626376.0,,,Bengaluru South,Harohalli
Karnataka,RAMANAGARA,Ramanagara,60039,MAYAGANAHALLI,143562,GANGARAJANAHALLI,626087,Kothipura,RAMANAGARA,RAMANAGARA.xls,222,626087.0,,,Bengaluru South,Ramanagara
Karnataka,RAMANAGARA,Kanakapura,59960,HAROHALLI,142968,HAROHALLI,626355,Harohalli,RAMANAGARA,RAMANAGARA.xls,277,626355.0,,,Bengaluru South,Harohalli
Karnataka,RAMANAGARA,Magadi,236395,LAKKENAHALLI,589623,HOSAHALLI,625949,Hosahalli,RAMANAGARA,RAMANAGARA.xls,309,625949.0,,,Bengaluru South,Magadi
Karnataka,RAMANAGARA,Kanakapura,59963,KAGGALAHALLI,142983,HOSAKOTE,626342,Hosakote,RAMANAGARA,RAMANAGARA.xls,310,626342.0,,,Bengaluru South,Harohalli
Karnataka,RAMANAGARA,Ramanagara,60033,LAKSHMIPURA,143540,IBBALAKAHALLI(BECHARK),626059,Ibbalakahalli,RAMANAGARA,RAMANAGARA.xls,329,626059.0,,,Bengaluru South,Ramanagara
Karnataka,RAMANAGARA,Ramanagara,239290,Bannikuppe2,697433,JAKKANAHALLI,626173,JAKKANAHALLI,RAMANAGARA,RAMANAGARA.xls,335,626173.0,,,Bengaluru South,Ramanagara
Karnataka,RAMANAGARA,Ramanagara,236347,MANCHANAYAKANAHALLI,694951,KUMBALAGODU STATE FOREST,626104,KUMBALAGODU STATE FOREST,RAMANAGARA,RAMANAGARA.xls,433,626104.0,,,Bengaluru South,Ramanagara
Karnataka,RAMANAGARA,Kanakapura,59973,KODIHALLI,143035,MALLAPURA,626613,MALLAPURA (SATANURU HOBLI),RAMANAGARA,RAMANAGARA.xls,474,626613.0,,,Bengaluru South,Kanakapura
Karnataka,RAMANAGARA,Kanakapura,59960,HAROHALLI,142969,MARASANDRA,626354,Marasandra,RAMANAGARA,RAMANAGARA.xls,496,626354.0,,,Bengaluru South,Harohalli
Karnataka,RAMANAGARA,Kanakapura,59961,KOLLIGANAHALLI,142974,MEDAMARANAHALLI,626340,Medamaranahalli,RAMANAGARA,RAMANAGARA.xls,511,626340.0,,,Bengaluru South,Harohalli
Karnataka,RAMANAGARA,Ramanagara,60042,Hulikeregunnur(Averhalli),143574,SABBAKERE,626184,Subkere,RAMANAGARA,RAMANAGARA.xls,583,626184.0,,,Bengaluru South,Ramanagara
Karnataka,RAMANAGARA,Channapatna,59865,VANDARAGUPPE,142185,THATTEKERE,626255,Thattekere,RAMANAGARA,RAMANAGARA.xls,658,626255.0,,,Bengaluru South,Channapatna
Karnataka,RAMANAGARA,Channapatna,59864,H.BYADARAHALLI,699547,THAVATANAHALLI DODDI,626204,THAVATANAHALLI DODDI,RAMANAGARA,RAMANAGARA.xls,664,626204.0,,,Bengaluru South,Channapatna
Karnataka,RAMANAGARA,Ramanagara,60042,Hulikeregunnur(Averhalli),699025,THENGINAKALLU,626177,THENGINAKALLU,RAMANAGARA,RAMANAGARA.xls,667,626177.0,,,Bengaluru South,Ramanagara
Karnataka,RAMANAGARA,Channapatna,59857,Tagachagere,142141,THIMMASANDRA,626254,Thimmasandra,RAMANAGARA,RAMANAGARA.xls,671,626254.0,,,Bengaluru South,Channapatna
Karnataka,RAMANAGARA,Magadi,60001,CHIKKAHALLI,143228,VIROOPAPURA,625763,Virupapura,RAMANAGARA,RAMANAGARA.xls,714,625763.0,,,Bengaluru South,Magadi
Karnataka,RAMANAGARA,Magadi,59991,NETHENAHALLI,143165,VODDARAPALYA,625946,Voddarapalya,RAMANAGARA,RAMANAGARA.xls,724,625946.0,,,Bengaluru South,Magadi
Karnataka,Raichur,Devadurga,63250,J. Jadaldinni,159184,J.jadaladinni,600712,Buddinni,Raichur,Raichur.xls,357,600712.0,,,Raichur,Arakera
Karnataka,Shivamogga,Sorab,63604,Anavatti,161478,Anavatti,607425,Anavatti,Shivamogga,Shivamogga.xls,43,607425.0,,,Shivamogga,Sorab
Karnataka,Shivamogga,Shikarpur,63557,Tadagani,161237,Belavanthanakoppa,607728,Belavanthanakoppa,Shivamogga,Shivamogga.xls,169,607728.0,,,Shivamogga,Shikarpur
Karnataka,Shivamogga,Sorab,63624,Kodakani,161664,Chikkashakuna,607565,Chikkashakuna,Shivamogga,Shivamogga.xls,284,607565.0,,,Shivamogga,Sorab
Karnataka,Shivamogga,Sorab,63623,Halesoraba,161640,Halesoraba,607558,Halesoraba,Shivamogga,Shivamogga.xls,438,607558.0,,,Shivamogga,Sorab
Karnataka,Shivamogga,Shivamogga,63569,Holebenavalli,692915,HANUMANTHAPURA,608495,HANUMANTHAPURA,Shivamogga,Shivamogga.xls,454,608495.0,,,Shivamogga,Shivamogga
Karnataka,Shivamogga,Bhadravati,63448,Yemmehatti,160632,Holebairanahalli,608547,Holebyranahalli,Shivamogga,Shivamogga.xls,533,608547.0,,,Shivamogga,Bhadravati
Karnataka,Shivamogga,Bhadravati,63432,Holehonnuru,160576,Holehonnuru,608539,Holehonnuru,Shivamogga,Shivamogga.xls,537,608539.0,,,Shivamogga,Bhadravati
Karnataka,Shivamogga,Sorab,63603,Samanavalli,161474,Hosalli,607423,Hosahalli,Shivamogga,Shivamogga.xls,577,607423.0,,,Shivamogga,Sorab
Karnataka,Shivamogga,Shikarpur,63557,Tadagani,161235,Jamburu Hosakoppa,607740,Jamburuhosakoppa,Shivamogga,Shivamogga.xls,647,607740.0,,,Shivamogga,Shikarpur
Karnataka,Shivamogga,Sorab,63608,Tatturu,703185,KANAKOPPA HOSUR,607567,KANAKOPPA HOSUR,Shivamogga,Shivamogga.xls,730,607567.0,,,Shivamogga,Sorab
Karnataka,Shivamogga,Bhadravati,63432,Holehonnuru,160577,Kannekoppa,608540,Kannekoppa,Shivamogga,Shivamogga.xls,737,608540.0,,,Shivamogga,Bhadravati
Karnataka,Shivamogga,Bhadravati,63448,Yemmehatti,160630,Kerebeeranahalli,608544,Kerebeeranahalli,Shivamogga,Shivamogga.xls,794,608544.0,,,Shivamogga,Bhadravati
Karnataka,Shivamogga,Sorab,63624,Kodakani,161657,Kodakani,607568,Kodakani,Shivamogga,Shivamogga.xls,824,607568.0,,,Shivamogga,Sorab
Karnataka,Shivamogga,Bhadravati,63432,Holehonnuru,160578,Koppa,608546,Koppa,Shivamogga,Shivamogga.xls,857,608546.0,,,Shivamogga,Bhadravati
Karnataka,Shivamogga,Sorab,63601,Kubaturu,161461,Kotipura,607426,Devasthanadahakkalu (Kotipura),Shivamogga,Shivamogga.xls,870,607426.0,,,Shivamogga,Sorab
Karnataka,Shivamogga,Sorab,63601,Kubaturu,161456,Kubaturu,607415,Kubaturu,Shivamogga,Shivamogga.xls,873,607415.0,,,Shivamogga,Sorab
Karnataka,Shivamogga,Shikarpur,63557,Tadagani,161234,Kyadigekoppa,607741,Kyadigikoppa,Shivamogga,Shivamogga.xls,910,607741.0,,,Shivamogga,Shikarpur
Karnataka,Shivamogga,Sorab,63623,Halesoraba,161649,Maruru,607562,Maruru,Shivamogga,Shivamogga.xls,999,607562.0,,,Shivamogga,Sorab
Karnataka,Shivamogga,Bhadravati,63448,Yemmehatti,588445,Mudalavittalpura,608545,Mudalavittalapura,Shivamogga,Shivamogga.xls,1036,608545.0,,,Shivamogga,Bhadravati
Karnataka,Shivamogga,Sorab,63623,Halesoraba,161652,Nadahalli,607561,Nadahalli,Shivamogga,Shivamogga.xls,1069,607561.0,,,Shivamogga,Sorab
Karnataka,Shivamogga,Sorab,63601,Kubaturu,161458,Neralagi,607413,Neralige,Shivamogga,Shivamogga.xls,1112,607413.0,,,Shivamogga,Sorab
Karnataka,Shivamogga,Sorab,63603,Samanavalli,161473,Samanavalli,607422,Samanavalli,Shivamogga,Shivamogga.xls,1178,607422.0,,,Shivamogga,Sorab
Karnataka,Shivamogga,Shikarpur,63557,Tadagani,161233,Tadagani,607739,Thadagani,Shivamogga,Shivamogga.xls,1280,607739.0,,,Shivamogga,Shikarpur
Karnataka,Shivamogga,Sorab,63606,Talluru,161484,Tallur,607430,Thalluru,Shivamogga,Shivamogga.xls,1289,607430.0,,,Shivamogga,Sorab
Karnataka,Shivamogga,Sorab,63623,Halesoraba,161643,Tirumalapura,607563,Tirumalapura,Shivamogga,Shivamogga.xls,1343,607563.0,,,Shivamogga,Sorab
Karnataka,Shivamogga,Bhadravati,63448,Yemmehatti,160631,Yemmehatti,608548,Yammehatti,Shivamogga,Shivamogga.xls,1422,608548.0,,,Shivamogga,Bhadravati
Karnataka,TUMAKURU,Tiptur,63907,Gudigondanahalli (B.G. Kaval),702252,BYRANAYAKANAHALLI,612019,BYRANAYAKANAHALLI,TUMAKURU,TUMAKURU.xls,402,612019.0,,,Tumakuru,Tiptur
Karnataka,TUMAKURU,Gubbi,63729,SHIVAPURA,588658,HULLARIVE KAVAL,611732,Hullurarave Kaval,TUMAKURU,TUMAKURU.xls,1046,611732.0,,,Tumakuru,Gubbi
Karnataka,TUMAKURU,Koratagere,63748,CHINNAHALLI,162693,KALUVEHALLI,611222,Kaluvehalli,TUMAKURU,TUMAKURU.xls,1232,611222.0,,,Tumakuru,Koratagere
Karnataka,TUMAKURU,Koratagere,63743,MAVATHURU,588564,M. VENKATAPURA,611237,Mayagondanahalli,TUMAKURU,TUMAKURU.xls,1568,611237.0,,,Tumakuru,Koratagere
Karnataka,TUMAKURU,Gubbi,0,0,588642,MALLASANDRA KATTE,611647,Mallasandra Katte,TUMAKURU,TUMAKURU.xls,1641,611647.0,,,Tumakuru,Gubbi
Karnataka,TUMAKURU,Tumakuru,63937,OORKERE,164060,MARALENAHALLI,938653,MARALENAHALLI,TUMAKURU,TUMAKURU.xls,1683,938653.0,,,Tumakuru,Tumakuru
Karnataka,TUMAKURU,Sira,0,0,163532,NARASIPURA,610298,Narasipura,TUMAKURU,TUMAKURU.xls,1853,610298.0,,,Tumakuru,Sira
Karnataka,Uttara Kannada,Ankola,63994,Vandige,164580,Laxmeshwar,603408,Laxmeshwar (OG),Uttara Kannada,Uttara Kannada.xls,831,603408.0,,,Uttara Kannada,Ankola
Karnataka,VIJAYAPURA,BABALESHWAR,60948,BABALESHWAR,146016,BABALESHWAR,599118,Babaleshwar,VIJAYAPURA,VIJAYAPURA.xls,51,599118.0,,,Vijayapura,Babaleshwar
Karnataka,VIJAYAPURA,Vijayapura,60989,TIKOTA,146110,TIKOTA,939739,TIKOTA,VIJAYAPURA,VIJAYAPURA.xls,610,939739.0,,,Vijayapura,Tikota
Karnataka,Vijayanagar,HAGARIBOMMANAHALLI,60621,KADLEBALU,693070,KADLEBALU,604668,KADLEBALU,Vijayanagar,Vijayanagar.xls,157,604668.0,,,Vijayanagara,Hagaribommanahalli
Karnataka,Vijayanagar,HAGARIBOMMANAHALLI,300092,VALLABHAPURA,671052,VALLABHAPURA,604676,Chintrapalli,Vijayanagar,Vijayanagar.xls,305,604676.0,,,Vijayanagara,Hagaribommanahalli
Karnataka,Yadgir,Shorapur,62049,Hunasagi,150275,Devapur (j),620942,Devapur Jagir,Yadgir,Yadgir.xls,113,620942.0,,,Yadgir,Hunasagi
Karnataka,Yadgir,HUNASAGI,62050,WAJJAL,694842,MANJALPURHALLI,621018,MANJALPURHALLI,Yadgir,Yadgir.xls,313,621018.0,,,Yadgir,Hunasagi
Karnataka,Yadgir,Shorapur,62067,Kiradalli,150338,Parsnalli,620888,Parsanhalli,Yadgir,Yadgir.xls,354,620888.0,,,Yadgir,Shorapur
