state,jjm_district,jjm_block,jjm_panchayat_id,jjm_panchayat,jjm_village_id,jjm_village,lgd_village_id,lgd_village,district_from_header,source_file,serial_no,shrug_village_id,shrug_shrid2,shrug_village_name,shrug_district,shrug_subdistrict,shrug_lgd_gp_code,shrug_gp_name,name_match_shrug_id,name_match_shrug_name,name_match_type,name_match_score,final_shrug_id,final_shrug_name,match_method
Karnataka,BENGALURU RURAL,Devanhalli,59868,NALLURU,588424,ARISINAKUNTE,938780,ARISHINAKUNTE,BENGALURU RURAL,BENGALURU RURAL.xls,41,,,,,,,,,,,,,,unmatched
Karnataka,BENGALURU RURAL,Dodballapur,59894,DARGAJOGIHALLI,142411,DARGAJOGIHALLI,625247,Dargajogihalli (OG),BENGALURU RURAL,BENGALURU RURAL.xls,211,,,,,,,,,,,,,,unmatched
Karnataka,BENGALURU RURAL,Devanhalli,299517,Alooru Duddanahalli,142209,DINNURU,910230,Dinnur,BENGALURU RURAL,BENGALURU RURAL.xls,226,,,,,,,,,,,,,,unmatched
Karnataka,Bagalkote,Bilagi,299899,Heggura,141893,Heggur Rc,598506,Heggur,Bagalkote,Bagalkote.xls,214,,,,,,,,,,,,,,unmatched
Karnataka,Ballari,Sandur,299931,H K Halli,665619,Huchenahalli,917702,HUCHCHENAHALLI,Ballari,Ballari.xls,102,,,,,,,,,,,,,,unmatched
Karnataka,Ballari,Sandur,60692,Bommagatta,145106,Jodikasanayakanahalli,604980,Jodikasinayakanahalli,Ballari,Ballari.xls,113,,,,,,,,,,,,,,unmatched
Karnataka,Belagavi,Athni,60054,Athani (Grameen),143618,Athani Rural,597300,Athani (Rural) (Part),Belagavi,Belagavi.xls,63,,,,,,,,,,,,,,unmatched
Karnataka,Belagavi,Athni,60084,Saptasagar,661637,Chikkud,597308,Chikkud,Belagavi,Belagavi.xls,246,,,,,,,,,,,,,,unmatched
Karnataka,Belagavi,Bylahongal,60501,Chikkabagewadi,144609,Gaddikaravinakoppa,598062,Gaddikurvinkoppa,Belagavi,Belagavi.xls,316,,,,,,,,,,,,,,unmatched
Karnataka,Belagavi,Belagavi,60137,K. K. Koppa,143750,Halgimardi,939170,SU HALAGIMARDI,Belagavi,Belagavi.xls,409,,,,,,,,,,,,,,unmatched
Karnataka,Belagavi,Khanapur,60349,Amate,144201,Hebbanatti,597819,Habbanatti,Belagavi,Belagavi.xls,448,,,,,,,,,,,,,,unmatched
Karnataka,Belagavi,Hukeri,60294,Naganur K D,664307,Managoan,923727,MANAGOAN,Belagavi,Belagavi.xls,793,,,,,,,,,,,,,,unmatched
Karnataka,Belagavi,Hukeri,60320,Mavanur,664359,Parakanatti,923725,PARAKANATTI,Belagavi,Belagavi.xls,952,,,,,,,,,,,,,,unmatched
Karnataka,Belagavi,Belagavi,60114,Piranawadi,143704,Piranawadi,597800,Peeranwadi (CT),Belagavi,Belagavi.xls,965,,,,,,,,,,,,,,unmatched
Karnataka,Belagavi,Ramdurg,60470,Turanur,144521,Turanur,598376,Turanur (Part),Belagavi,Belagavi.xls,1154,,,,,,,,,,,,,,unmatched
Karnataka,Belagavi,Hukeri,60294,Naganur K D,664306,Wadishidlihal,923728,WADISHIDLIHAL,Belagavi,Belagavi.xls,1185,,,,,,,,,,,,,,unmatched
Karnataka,Bengaluru Urban,YELAHANKA,61391,Bandikodagehalli,148215,B K PALYA,938495,Arebinnamangala,Bengaluru Urban,Bengaluru Urban.xls,30,,,,,,,,,,,,,,unmatched
Karnataka,Bengaluru Urban,Bengaluru East,61437,Kannuru,665183,Bande Hosur,938226,AMANI BAIRATIKHANE,Bengaluru Urban,Bengaluru Urban.xls,43,,,,,,,,,,,,,,unmatched
Karnataka,Bengaluru Urban,Bengaluru South,61419,Ramohalli,693546,BHEEMANAKUPPE RAMASAGARA,613014,BHEEMANAKUPPE RAMASAGARA,Bengaluru Urban,Bengaluru Urban.xls,58,,,,,,,,,,,,,,unmatched
Karnataka,Bengaluru Urban,Bengaluru South,299653,Channenahalli,665221,Channadasipalya,938427,ARAKERE,Bengaluru Urban,Bengaluru Urban.xls,94,,,,,,,,,,,,,,unmatched
Karnataka,Bengaluru Urban,Bengaluru East,61437,Kannuru,148441,Chikka Gubbi,613125,Chikkagubbi (OG),Bengaluru Urban,Bengaluru Urban.xls,99,,,,,,,,,,,,,,unmatched
Karnataka,Bengaluru Urban,Bengaluru North,61368,Kodigehalli,665469,Chikkakodige Halli,939476,VYYALIKAVAL,Bengaluru Urban,Bengaluru Urban.xls,108,,,,,,,,,,,,,,unmatched
Karnataka,Bengaluru Urban,Bengaluru South,61401,Doddathoguru,148268,Dodda Thogur,938419,CHIKKATOGURU,Bengaluru Urban,Bengaluru Urban.xls,142,,,,,,,,,,,,,,unmatched
Karnataka,Bengaluru Urban,Bengaluru East,61438,Doddagubbi,148451,Doddagubbi,613126,Doddagubbi (OG),Bengaluru Urban,Bengaluru Urban.xls,145,,,,,,,,,,,,,,unmatched
Karnataka,Bengaluru Urban,Bengaluru South,61441,Chunchanakuppe,665578,Gopalanagara,939488,MARENAHALLI ( UTTARAHALLI HOBLI),Bengaluru Urban,Bengaluru Urban.xls,177,,,,,,,,,,,,,,unmatched
Karnataka,Bengaluru Urban,Bengaluru South,61403,Konappana Agrahara,148280,Govindashettipalya,938477,AVALAHALLI,Bengaluru Urban,Bengaluru Urban.xls,184,,,,,,,,,,,,,,unmatched
Karnataka,Bengaluru Urban,Anekal,61345,Hennagara,147915,Hennagara Amanikere,613179,Hennagara Amanikere,Bengaluru Urban,Bengaluru Urban.xls,216,,,,,,,,,,,,,,unmatched
Karnataka,Bengaluru Urban,Bengaluru South,61418,Kumbalagodu,665269,Hosapalya,938458,CHUNCHAGHATTA,Bengaluru Urban,Bengaluru Urban.xls,233,,,,,,,,,,,,,,unmatched
Karnataka,Bengaluru Urban,Bengaluru East,61437,Kannuru,148442,Kannur,613124,Kannur (OG),Bengaluru Urban,Bengaluru Urban.xls,295,,,,,,,,,,,,,,unmatched
Karnataka,Bengaluru Urban,Bengaluru South,61441,Chunchanakuppe,665567,Karekalpalya,938424,NAGANATHAPURA,Bengaluru Urban,Bengaluru Urban.xls,296,,,,,,,,,,,,,,unmatched
Karnataka,Bengaluru Urban,Bengaluru North,61368,Kodigehalli,665470,Kodigehalli Harijana Colony,612821,Thirumalapura,Bengaluru Urban,Bengaluru Urban.xls,320,,,,,,,,,,,,,,unmatched
Karnataka,Bengaluru Urban,Bengaluru South,61418,Kumbalagodu,703119,KUMBALAGODU,613062,KUMBALAGODU,Bengaluru Urban,Bengaluru Urban.xls,342,,,,,,,,,,,,,,unmatched
Karnataka,Bengaluru Urban,YELAHANKA,61388,KASAGATTAPURA,700202,LINGARAJASAGARA,612874,LINGARAJASAGARA,Bengaluru Urban,Bengaluru Urban.xls,358,,,,,,,,,,,,,,unmatched
Karnataka,Bengaluru Urban,Bengaluru North,273464,Kadabagere,665311,Mahimmannanapalya,939417,BOGENAHALLI,Bengaluru Urban,Bengaluru Urban.xls,372,,,,,,,,,,,,,,unmatched
Karnataka,Bengaluru Urban,Bengaluru South,61440,Choolanayakanahalli,665502,Metipalya,938487,VASANTAPURA,Bengaluru Urban,Bengaluru Urban.xls,408,,,,,,,,,,,,,,unmatched
Karnataka,Bengaluru Urban,Bengaluru South,259828,H. Gollahalli,665639,Nagegowdanapalya,939480,DASARAHALLI,Bengaluru Urban,Bengaluru Urban.xls,428,,,,,,,,,,,,,,unmatched
Karnataka,Bengaluru Urban,Bengaluru North,61377,Sondekoppa,665392,Parvathaiahana Palya,939411,BANGALORE,Bengaluru Urban,Bengaluru Urban.xls,448,,,,,,,,,,,,,,unmatched
Karnataka,Bengaluru Urban,Bengaluru South,61412,Kagglipura,665227,Pattareddipalya,938489,BIKASHIPURA,Bengaluru Urban,Bengaluru Urban.xls,450,,,,,,,,,,,,,,unmatched
Karnataka,Bengaluru Urban,Bengaluru North,61377,Sondekoppa,665380,Pitaganapalya,939414,BARAGI MUDDENAHALLI,Bengaluru Urban,Bengaluru Urban.xls,453,,,,,,,,,,,,,,unmatched
Karnataka,Bengaluru Urban,Bengaluru North,61374,Alur,665211,Pylvanarapalya,939407,AKKITHIMMANAHALLI,Bengaluru Urban,Bengaluru Urban.xls,458,,,,,,,,,,,,,,unmatched
Karnataka,Bengaluru Urban,YELAHANKA,61393,BAGALUR,665209,RAJAKSABPALYA,938541,AMRUTAHALLI,Bengaluru Urban,Bengaluru Urban.xls,463,,,,,,,,,,,,,,unmatched
Karnataka,Bengaluru Urban,Bengaluru South,61412,Kagglipura,665230,Saalu Hunase,938430,BILEKAHALLI,Bengaluru Urban,Bengaluru Urban.xls,481,,,,,,,,,,,,,,unmatched
Karnataka,Bengaluru Urban,Anekal,61344,Hulimangala,665581,Shikaripalya,938194,KUDLU,Bengaluru Urban,Bengaluru Urban.xls,504,,,,,,,,,,,,,,unmatched
Karnataka,Bengaluru Urban,Bengaluru South,61441,Chunchanakuppe,148479,Subbarayappanapalya,938444,VALAGERAHALLI,Bengaluru Urban,Bengaluru Urban.xls,526,,,,,,,,,,,,,,unmatched
Karnataka,Bengaluru Urban,YELAHANKA,61391,Bandikodagehalli,665249,YADIYOORU,925868,YADIYOORU,Bengaluru Urban,Bengaluru Urban.xls,584,,,,,,,,,,,,,,unmatched
Karnataka,Bidar,Bidar,60862,Aliabad (j),693388,ALIABAD (J),600256,ALIABAD (J),Bidar,Bidar.xls,5,,,,,,,,,,,,,,unmatched
Karnataka,Bidar,Bidar,60861,Kolar (k),588457,Hajjargi,923711,HAJJARAGI,Bidar,Bidar.xls,187,,,,,,,,,,,,,,unmatched
Karnataka,Bidar,Humnabad,60902,Hallikhed (k),664831,Hallikhed(k) Wadi,923715,HALLIKHED(K) WADI,Bidar,Bidar.xls,198,,,,,,,,,,,,,,unmatched
Karnataka,Bidar,Basavakalyan,60788,GUNDUR,664875,JAFARWADI,923683,JAFFARWADI,Bidar,Bidar.xls,245,,,,,,,,,,,,,,unmatched
Karnataka,Bidar,Bhalki,60838,Shivani,665016,Kasartugaon Wadi,599860,Kasara Tugaon Wadi,Bidar,Bidar.xls,298,,,,,,,,,,,,,,unmatched
Karnataka,Bidar,Chittaguppa,60872,BEMALKHEDA,693389,VITHALPUR,925916,VITHALPUR,Bidar,Bidar.xls,571,,,,,,,,,,,,,,unmatched
Karnataka,CHAMARAJANAGARA,Chamarajanagar,65066,UDIGALA,693319,CIKKEMPIHUNDI,924932,CIKKEMPIHUNDI,CHAMARAJANAGARA,CHAMARAJANAGARA.xls,98,,,,,,,,,,,,,,unmatched
Karnataka,CHAMARAJANAGARA,Gundlupet,65131,AGATHAGOWDANAHALLI,652731,DHADADHAHALLI,917623,Dhadadhahalli,CHAMARAJANAGARA,CHAMARAJANAGARA.xls,111,,,,,,,,,,,,,,unmatched
Karnataka,CHAMARAJANAGARA,Chamarajanagar,65091,Kudluru,168753,DODDARAYAPET,924892,DODDARAYAPETE,CHAMARAJANAGARA,CHAMARAJANAGARA.xls,117,,,,,,,,,,,,,,unmatched
Karnataka,CHAMARAJANAGARA,Gundlupet,65126,Kannegala,664576,GOPALAPURA,924967,GOPAALAPURA,CHAMARAJANAGARA,CHAMARAJANAGARA.xls,130,,,,,,,,,,,,,,unmatched
Karnataka,CHAMARAJANAGARA,Gundlupet,65127,KOTEKERE,168910,HONAKANAPURA,619452,Bhogganapura,CHAMARAJANAGARA,CHAMARAJANAGARA.xls,163,,,,,,,,,,,,,,unmatched
Karnataka,CHAMARAJANAGARA,Gundlupet,65107,KODASOGE,168817,K.K HUNDI,924977,KADTALKATTIHUNDI,CHAMARAJANAGARA,CHAMARAJANAGARA.xls,192,,,,,,,,,,,,,,unmatched
Karnataka,CHAMARAJANAGARA,Gundlupet,65110,Kelasur,168835,MALLAMMANAHUNDI,924974,MALLAMMANA HUNDI,CHAMARAJANAGARA,CHAMARAJANAGARA.xls,276,,,,,,,,,,,,,,unmatched
Karnataka,CHAMARAJANAGARA,Hanuru,65148,PONNACHI,168992,PONNACHI,619885,Ponnachi,CHAMARAJANAGARA,CHAMARAJANAGARA.xls,318,,,,,,,,,,,,,,unmatched
Karnataka,CHAMARAJANAGARA,Gundlupet,65108,NITRE,168826,RANGANATHAPURA,925001,RANGANATHAPURA,CHAMARAJANAGARA,CHAMARAJANAGARA.xls,325,,,,,,,,,,,,,,unmatched
Karnataka,CHAMARAJANAGARA,Chamarajanagar,65080,PUNAJANURU,693318,RANGASANDRA,924919,RANGASANDRA,CHAMARAJANAGARA,CHAMARAJANAGARA.xls,326,,,,,,,,,,,,,,unmatched
Karnataka,CHAMARAJANAGARA,Gundlupet,65130,HOREYALA,636936,RANGUPURA,924963,RANGUPURA,CHAMARAJANAGARA,CHAMARAJANAGARA.xls,327,,,,,,,,,,,,,,unmatched
Karnataka,CHAMARAJANAGARA,Chamarajanagar,65088,MANGALA,702835,YDIYOORU,924901,YDIYOORU,CHAMARAJANAGARA,CHAMARAJANAGARA.xls,398,,,,,,,,,,,,,,unmatched
Karnataka,CHIKKAMAGALURU,Mudigere,61317,TRIPURA,147737,BARIMALE ESTATE,609937,Barimale Estate,CHIKKAMAGALURU,CHIKKAMAGALURU.xls,100,,,,,,,,,,,,,,unmatched
Karnataka,CHIKKAMAGALURU,Kadur,61183,BASUR,146901,BASURU KAVAL,609409,Basurukaval,CHIKKAMAGALURU,CHIKKAMAGALURU.xls,108,,,,,,,,,,,,,,unmatched
Karnataka,CHIKKAMAGALURU,Chikkamagaluru,61132,KALASAPURA,146654,CHIKKA KALASAPURA,609794,Chikkakalasapura,CHIKKAMAGALURU,CHIKKAMAGALURU.xls,197,,,,,,,,,,,,,,unmatched
Karnataka,CHIKKAMAGALURU,Narasimharajapura,61253,Honnekudige ( Hanthuvine),147430,HEBBE,609074,Hebbe,CHIKKAMAGALURU,CHIKKAMAGALURU.xls,387,,,,,,,,,,,,,,unmatched
Karnataka,CHIKKAMAGALURU,Kadur,61209,MALLESHWARA,596553,JAMMAPURA (M.KODIHALLI),609437,Jammapura,CHIKKAMAGALURU,CHIKKAMAGALURU.xls,475,,,,,,,,,,,,,,unmatched
Karnataka,CHIKKAMAGALURU,Kadur,0,0,596556,SIDDEGOWDANA KOPPALU,609531,Angajanahalli,CHIKKAMAGALURU,CHIKKAMAGALURU.xls,883,,,,,,,,,,,,,,unmatched
Karnataka,Chikkaballapura,Gudibanda,62600,BEECHAGANAHALLY,154721,GANDAMNAGENAHAIIY,926149,GANDAMNAGENAHALLY(M),Chikkaballapura,Chikkaballapura.xls,378,,,,,,,,,,,,,,unmatched
Karnataka,Chikkaballapura,Gudibanda,62606,HAMPASANDRA,664513,GARUDACHARLAHALLY,925928,GARUDACHARLAHALLY,Chikkaballapura,Chikkaballapura.xls,390,,,,,,,,,,,,,,unmatched
Karnataka,Chikkaballapura,Gauribidanur,62586,B.BOMMASANDRA,665075,MIDDILU,925641,MIDDILU,Chikkaballapura,Chikkaballapura.xls,840,,,,,,,,,,,,,,unmatched
Karnataka,Chikkaballapura,Chintamani,62533,Batlahalli,664864,MUSTURUPATNA,926136,MUSTURUPATNA,Chikkaballapura,Chikkaballapura.xls,872,,,,,,,,,,,,,,unmatched
Karnataka,Chikkaballapura,Gudibanda,62602,Varlakonda,664535,THEELAKUNTAHALLY,926181,THEELAKUNTAHALLY(M),Chikkaballapura,Chikkaballapura.xls,1162,,,,,,,,,,,,,,unmatched
Karnataka,Chitradurga,Chitradurga,65238,Kalagere,663933,Ajadnagara,927373,AJADNAGARA,Chitradurga,Chitradurga.xls,14,,,,,,,,,,,,,,unmatched
Karnataka,Chitradurga,Hosdurga,65315,Devapura,663797,Akkithimmayanahatti,927471,AKKITHIMMAYANAHATTI,Chitradurga,Chitradurga.xls,18,,,,,,,,,,,,,,unmatched
Karnataka,Chitradurga,Hiriyur,65285,Suragondanahally,169737,Alamaradahatti,927721,ALAMARADAHATTI,Chitradurga,Chitradurga.xls,23,,,,,,,,,,,,,,unmatched
Karnataka,Chitradurga,Molakalmuru,65345,Santhegudda,664103,B.hanumanagudda,927435,B.HANUMANAGUDDA,Chitradurga,Chitradurga.xls,53,,,,,,,,,,,,,,unmatched
Karnataka,Chitradurga,Hosdurga,65307,Kellodu,663901,Bilichittyanahatti,927518,BILICHITTYANAHATTI,Chitradurga,Chitradurga.xls,109,,,,,,,,,,,,,,unmatched
Karnataka,Chitradurga,Chitradurga,65227,Turuvanur,663986,Bogalerahatti,605498,Bogalerahatti,Chitradurga,Chitradurga.xls,110,,,,,,,,,,,,,,unmatched
Karnataka,Chitradurga,Hiriyur,65282,BABBUR,169710,Chinnaiahnahatti,927549,CHINNAYYANAHATTI,Chitradurga,Chitradurga.xls,182,,,,,,,,,,,,,,unmatched
Karnataka,Chitradurga,Holalkere,65343,Madderu,663693,Dasayyanahatti,927665,DASAYYANAHATTI,Chitradurga,Chitradurga.xls,200,,,,,,,,,,,,,,unmatched
Karnataka,Chitradurga,Chitradurga,299805,Godabanahal,695537,DEVAPURADHAHATTI,917180,DEVAPURADHAHATTI,Chitradurga,Chitradurga.xls,204,,,,,,,,,,,,,,unmatched
Karnataka,Chitradurga,Chitradurga,65244,Alagawadi,663732,Doddignahal Hosahatti,927134,DODDIGANAL HOSAHATTI,Chitradurga,Chitradurga.xls,229,,,,,,,,,,,,,,unmatched
Karnataka,Chitradurga,Chitradurga,65235,Siddapura,663970,Erajanahatti,927404,ERAJANAHATTI,Chitradurga,Chitradurga.xls,242,,,,,,,,,,,,,,unmatched
Karnataka,Chitradurga,Hosdurga,65317,Devigere,663810,Galirangyanahatti,927475,GALIRANGYANAHATTI,Chitradurga,Chitradurga.xls,247,,,,,,,,,,,,,,unmatched
Karnataka,Chitradurga,Chitradurga,65257,Cholaghatta,169515,Garehatti,931789,Cholagatta Yane Gaarehatti,Chitradurga,Chitradurga.xls,258,,,,,,,,,,,,,,unmatched
Karnataka,Chitradurga,Hosdurga,65299,S NERLAKERE,663938,Garimbilu,927537,GARIMBILU,Chitradurga,Chitradurga.xls,259,,,,,,,,,,,,,,unmatched
Karnataka,Chitradurga,Hosdurga,65299,S NERLAKERE,663936,H S PALYA,927538,H.S.PALYA,Chitradurga,Chitradurga.xls,316,,,,,,,,,,,,,,unmatched
Karnataka,Chitradurga,Molakalmuru,65360,Ashoka Siddapura,664029,Hanumapura S,927438,HANUMAPURA.S,Chitradurga,Chitradurga.xls,341,,,,,,,,,,,,,,unmatched
Karnataka,Chitradurga,Chitradurga,65235,Siddapura,663972,Hidayathpura,927408,HIDAYATHPURA,Chitradurga,Chitradurga.xls,357,,,,,,,,,,,,,,unmatched
Karnataka,Chitradurga,Chitradurga,65230,Muddapura,664379,Hirekattegere Gollarahatti,927393,HIREKATTEGERE-GOLLARAHATTI,Chitradurga,Chitradurga.xls,364,,,,,,,,,,,,,,unmatched
Karnataka,Chitradurga,Molakalmuru,65360,Ashoka Siddapura,664062,Hosuru,927440,HOSURU,Chitradurga,Chitradurga.xls,383,,,,,,,,,,,,,,unmatched
Karnataka,Chitradurga,Chitradurga,65239,Yelagodu,663993,HULLEHAL GOLLARAHATTI,927415,HU.GOLLARAHATTI,Chitradurga,Chitradurga.xls,394,,,,,,,,,,,,,,unmatched
Karnataka,Chitradurga,Chitradurga,65246,Hireguntanur,663878,Hunasekatti Gollarahatti,927348,HUNASEKATTI GOLLARAHATTI,Chitradurga,Chitradurga.xls,398,,,,,,,,,,,,,,unmatched
Karnataka,Chitradurga,Chitradurga,65256,Iyyanahalli,663906,Iyyanahalli Kurubarahatti,927361,IYYANAHALLI KURUBARAHATTI,Chitradurga,Chitradurga.xls,417,,,,,,,,,,,,,,unmatched
Karnataka,Chitradurga,Holalkere,236415,Adanur,663510,Kambadevarahatta,927631,KAMBADEVARAHATTA,Chitradurga,Chitradurga.xls,475,,,,,,,,,,,,,,unmatched
Karnataka,Chitradurga,Hosdurga,65303,Chikkabyladakere,663791,Katihatti,927469,KATIHATTI,Chitradurga,Chitradurga.xls,511,,,,,,,,,,,,,,unmatched
Karnataka,Chitradurga,Molakalmuru,65357,Hangal,664077,Kelagalahatti,927422,KELAGALAHATTI,Chitradurga,Chitradurga.xls,516,,,,,,,,,,,,,,unmatched
Karnataka,Chitradurga,Chitradurga,65248,Lakshmisagara,169456,Kitttadahatti,927381,KITTADAHATTI,Chitradurga,Chitradurga.xls,532,,,,,,,,,,,,,,unmatched
Karnataka,Chitradurga,Hosdurga,65324,Bokikere,663776,M G Dibba,927464,M.G.DIBBA,Chitradurga,Chitradurga.xls,592,,,,,,,,,,,,,,unmatched
Karnataka,Chitradurga,Chitradurga,65230,Muddapura,663965,MUDDAPURA MYASARAHATTY,927416,MYASARAHATTY,Chitradurga,Chitradurga.xls,668,,,,,,,,,,,,,,unmatched
Karnataka,Chitradurga,Hosdurga,65319,Mallappanahalli,663923,Rangyanauru,927532,RANGYANAURU,Chitradurga,Chitradurga.xls,779,,,,,,,,,,,,,,unmatched
Karnataka,Chitradurga,Molakalmuru,65360,Ashoka Siddapura,664064,Roppa,927442,ROPPA,Chitradurga,Chitradurga.xls,786,,,,,,,,,,,,,,unmatched
Karnataka,Chitradurga,Holalkere,65333,Gungiganur,663690,S H Halli Gollarhatti,927663,S.H.HALLI GOLLARHATTI,Chitradurga,Chitradurga.xls,788,,,,,,,,,,,,,,unmatched
Karnataka,Chitradurga,Chitradurga,65227,Turuvanur,663991,T.Upparatti,605502,Upparatti,Chitradurga,Chitradurga.xls,859,,,,,,,,,,,,,,unmatched
Karnataka,Chitradurga,Challakere,65185,Doddaullarthi,169099,ULLAVARTHI KAVAL,605307,ULLAVARTHI KAVAL,Chitradurga,Chitradurga.xls,906,,,,,,,,,,,,,,unmatched
Karnataka,Dakshina Kannada,Mangaluru,61571,CHELAIRU,148758,Chelairu,617521,Chelliru (OG),Dakshina Kannada,Dakshina Kannada.xls,75,,,,,,,,,,,,,,unmatched
Karnataka,Dakshina Kannada,Puttur,61602,Munduru,148816,Kemminje,617734,Kemminje (Rural),Dakshina Kannada,Dakshina Kannada.xls,150,,,,,,,,,,,,,,unmatched
Karnataka,Dakshina Kannada,Mangaluru,61560,Permude,148738,Kuttethuru,617522,Kuthethur (OG),Dakshina Kannada,Dakshina Kannada.xls,198,,,,,,,,,,,,,,unmatched
Karnataka,Dakshina Kannada,Mangaluru,236264,Gurupura,674434,MOOLUR,617507,Mulur (CT),Dakshina Kannada,Dakshina Kannada.xls,226,,,,,,,,,,,,,,unmatched
Karnataka,Dakshina Kannada,Mangaluru,236263,Neermarga,587769,Neerumarga,617510,Neermarga (CT),Dakshina Kannada,Dakshina Kannada.xls,252,,,,,,,,,,,,,,unmatched
Karnataka,Dakshina Kannada,Mangaluru,61550,Moodushedde,674495,PADUSHEDDE,617524,Padushedde (OG),Dakshina Kannada,Dakshina Kannada.xls,273,,,,,,,,,,,,,,unmatched
Karnataka,Davangere,Honnali,64823,Haralahalli,168015,Didagur,606827,Didagur,Davangere,Davangere.xls,145,,,,,,,,,,,,,,unmatched
Karnataka,Davangere,Channagiri,64698,Guddada Kumaranahalli,167488,Guddada Kumaranaha Halli,607066,Komaranahalli,Davangere,Davangere.xls,205,,,,,,,,,,,,,,unmatched
Karnataka,Davangere,Nyamathi,64814,GUDDEHALLI,167981,NARAGINAKERE,606708,Naraginakere,Davangere,Davangere.xls,527,,,,,,,,,,,,,,unmatched
Karnataka,Davangere,Channagiri,64733,Garaga,167604,Rangapura Thanda,607112,Rangapura,Davangere,Davangere.xls,571,,,,,,,,,,,,,,unmatched
Karnataka,Davangere,Davanagere,64655,Belavanuru,664230,Taralabalunagara,924654,TARALABALUNAGAR,Davangere,Davangere.xls,635,,,,,,,,,,,,,,unmatched
Karnataka,Davangere,Channagiri,64696,Tyavanagi,595950,Tyavanige Thanda,606925,Thyavanige Thanda,Davangere,Davangere.xls,660,,,,,,,,,,,,,,unmatched
Karnataka,Gadag,Shirahatti,64403,Magadi,662140,Channapattana,602095,Shirahatti (Rural),Gadag,Gadag.xls,59,,,,,,,,,,,,,,unmatched
Karnataka,Hassan,Arkalgud,0,0,150780,Bettasoge Hantha (b),616775,Bettasoge Hantha,Hassan,Hassan.xls,279,,,,,,,,,,,,,,unmatched
Karnataka,Hassan,Hassan,62307,Tejur,152772,Chikkakondagola,616046,Chikkakondagola(Part),Hassan,Hassan.xls,457,,,,,,,,,,,,,,unmatched
Karnataka,Hassan,Hassan,62276,Kattaya,152474,Kattaya Kaval,616130,Kattaya Kaval,Hassan,Hassan.xls,1256,,,,,,,,,,,,,,unmatched
Karnataka,Hassan,Hassan,62282,Seege,152526,Ramadadevara Kaval,615905,Ramadevarahalla Kaval,Hassan,Hassan.xls,1878,,,,,,,,,,,,,,unmatched
Karnataka,Haveri,RATTIHALLI,64536,KADUR,645720,HADE,924845,HADE,Haveri,Haveri.xls,210,,,,,,,,,,,,,,unmatched
Karnataka,Kalaburagi,Shabad,61876,Bhankor,637324,bhankur,620714,Bhankur (OG),Kalaburagi,Kalaburagi.xls,102,,,,,,,,,,,,,,unmatched
Karnataka,Kalaburagi,Jevargi,61944,Harnoor,149809,Hanchinal,620860,Hanchinal Bhari,Kalaburagi,Kalaburagi.xls,265,,,,,,,,,,,,,,unmatched
Karnataka,Kalaburagi,Kalaburagi,61934,Nandikoor,589686,Kotnoor (d),620322,Kotnoor Darwesh (OG),Kalaburagi,Kalaburagi.xls,479,,,,,,,,,,,,,,unmatched
Karnataka,Kalaburagi,Chincholi,61849,Venktapur,662333,Seribhiknalli,620370,SERIBIKANALLI,Kalaburagi,Kalaburagi.xls,721,,,,,,,,,,,,,,unmatched
Karnataka,Kodagu,Virajpet,62435,BITTANGALA,661869,AMBATTI,924036,AMBATTI,Kodagu,Kodagu.xls,9,,,,,,,,,,,,,,unmatched
Karnataka,Kodagu,Ponnampet,62461,SRIMANGALA,661894,BEERUGA,924064,BEERUGA,Kodagu,Kodagu.xls,39,,,,,,,,,,,,,,unmatched
Karnataka,Kodagu,Virajpet,62449,Chennayanakote,702204,CHENNANGI,924040,CHENNANGI,Kodagu,Kodagu.xls,70,,,,,,,,,,,,,,unmatched
Karnataka,Kodagu,Kushalanagar,62421,Torenur,661862,CHIKKA ALUVARA,924016,CHIKKA ALUVARA,Kodagu,Kodagu.xls,75,,,,,,,,,,,,,,unmatched
Karnataka,Kodagu,Ponnampet,62469,Gonikoppal,153632,GONIKOPPA,910319,Gonikoppal (CT),Kodagu,Kodagu.xls,97,,,,,,,,,,,,,,unmatched
Karnataka,Kodagu,Kushalanagar,62416,GUDDEHOSUR,661828,GUDDEHOSURU,923977,GUDDEHOSURU,Kodagu,Kodagu.xls,100,,,,,,,,,,,,,,unmatched
Karnataka,Kodagu,Kushalanagar,0,0,661841,HUDUGURU,923992,HUDUGURU,Kodagu,Kodagu.xls,131,,,,,,,,,,,,,,unmatched
Karnataka,Kodagu,Ponnampet,62468,PONNAMPET,695841,Hudur,924028,Hudur,Kodagu,Kodagu.xls,132,,,,,,,,,,,,,,unmatched
Karnataka,Kodagu,Kushalanagar,0,0,661842,MADALAPURA,939033,SHIRAHOLALU,Kodagu,Kodagu.xls,207,,,,,,,,,,,,,,unmatched
Karnataka,Kodagu,Kushalanagar,62416,GUDDEHOSUR,701119,MADAPATNA,923978,MADAPATNA,Kodagu,Kodagu.xls,208,,,,,,,,,,,,,,unmatched
Karnataka,Kodagu,Ponnampet,62455,THITHIMATHI,702206,NOKYA SIDDAPURA,939080,NOKYA SIDDAPURA,Kodagu,Kodagu.xls,259,,,,,,,,,,,,,,unmatched
Karnataka,Kodagu,Madikeri,62383,Peraje,661768,P PERAJE,923915,P.PERAJE,Kodagu,Kodagu.xls,260,,,,,,,,,,,,,,unmatched
Karnataka,Kodagu,Somvarpet,62397,Shanivarasanthe,153385,Sanivarsanthe,939272,HOSAHALLI ( SHANIVARASANTHE HOBLI),Kodagu,Kodagu.xls,270,,,,,,,,,,,,,,unmatched
Karnataka,Kodagu,Kushalanagar,62421,Torenur,661864,SIDDALINGAPURA,924018,SIDDALINGAPURA,Kodagu,Kodagu.xls,275,,,,,,,,,,,,,,unmatched
Karnataka,Kolar,Bangarapet,236411,Thoppanahalli,589788,Bangaranatha,622635,Bangaranatha,Kolar,Kolar.xls,120,,,,,,,,,,,,,,unmatched
Karnataka,Kolar,Kolar,0,0,589731,Charla Dinne,622078,Charaladinne,Kolar,Kolar.xls,268,,,,,,,,,,,,,,unmatched
Karnataka,Kolar,Bangarapet,62474,Chinna Kota,153638,Chinnakote,622847,Chinnakote (OG),Kolar,Kolar.xls,313,,,,,,,,,,,,,,unmatched
Karnataka,Kolar,Bangarapet,0,0,589744,Dharmakrishnepalli,622706,Dharmakrishnepalli,Kolar,Kolar.xls,364,,,,,,,,,,,,,,unmatched
Karnataka,Kolar,Kolar,62633,Thoradevandahalli,589732,Ganeshpur,621991,Ganeshapura,Kolar,Kolar.xls,442,,,,,,,,,,,,,,unmatched
Karnataka,Kolar,Bangarapet,62474,Chinna Kota,153639,Kathihalli,622846,Kathihalli (OG),Kolar,Kolar.xls,755,,,,,,,,,,,,,,unmatched
Karnataka,Kolar,Malur,62647,HASANDAHALLI,696315,SONNANADODDI,622317,SONNANADODDI,Kolar,Kolar.xls,1326,,,,,,,,,,,,,,unmatched
Karnataka,Koppal,Gangavathi,64300,Vaddarahatti,588718,Vaddaratti,601604,Baglapura,Koppal,Koppal.xls,552,,,,,,,,,,,,,,unmatched
Karnataka,Mandya,Malvalli,62876,Nagegowdanadoddi,157031,Anche Doddi,614749,Devalinganapura,Mandya,Mandya.xls,47,,,,,,,,,,,,,,unmatched
Karnataka,Mandya,Krishnarajpet,62807,Hariharapura,156751,Chamikoppalu,613571,CHAMIKOPPLU,Mandya,Mandya.xls,250,,,,,,,,,,,,,,unmatched
Karnataka,Mandya,Krishnarajpet,62811,Ganjigere,156773,Ganjigerekoppalu,613673,GANJIGEREKOPPALU,Mandya,Mandya.xls,433,,,,,,,,,,,,,,unmatched
Karnataka,Mandya,Shrirangapattana,63009,K. R. Sagara,157805,K.r. Sagara,942729,Krishnarajasagara,Mandya,Mandya.xls,677,,,,,,,,,,,,,,unmatched
Karnataka,Mandya,Krishnarajpet,62804,Haralahalli,156711,Neethimangala,613483,NEETHIMANGALA,Mandya,Mandya.xls,1060,,,,,,,,,,,,,,unmatched
Karnataka,Mandya,Krishnarajpet,62791,Sindhagatta,595383,Shettynayakana Koppalu,613480,SHETTANAYAKANKOPPALU,Mandya,Mandya.xls,1164,,,,,,,,,,,,,,unmatched
Karnataka,Mandya,Krishnarajpet,62788,Bookanakere,156563,Vijaya Hosalli,613647,Kanchahalli,Mandya,Mandya.xls,1299,,,,,,,,,,,,,,unmatched
Karnataka,Mysuru,Piriyapatna,63199,Malangi,158874,Anechowkuru,618279,Anechowkur Forest,Mysuru,Mysuru.xls,33,,,,,,,,,,,,,,unmatched
Karnataka,Mysuru,SARAGURU,0,0,157986,ANKUPURA,619013,Ankupura,Mysuru,Mysuru.xls,43,,,,,,,,,,,,,,unmatched
Karnataka,Mysuru,Piriyapatna,63189,Bettadatunga,158799,Bettadakaval,618170,Bettadakaval,Mysuru,Mysuru.xls,137,,,,,,,,,,,,,,unmatched
Karnataka,Mysuru,Mysuru,299748,Chamundibetta,664413,Chamundibetta,618837,Chamundibetta (OG),Mysuru,Mysuru.xls,188,,,,,,,,,,,,,,unmatched
Karnataka,Mysuru,Piriyapatna,63183,Kanagalu,158757,Gobbalikaval,618091,Gobbalikaval,Mysuru,Mysuru.xls,331,,,,,,,,,,,,,,unmatched
Karnataka,Mysuru,Tirumakudal-narsipur,63222,Kolathuru,159012,Halavara Mata,619360,HALAVARAMATA,Mysuru,Mysuru.xls,377,,,,,,,,,,,,,,unmatched
Karnataka,Mysuru,Mysuru,299749,Hinkal,664401,Hinkal,618829,Hinkal (CT),Mysuru,Mysuru.xls,454,,,,,,,,,,,,,,unmatched
Karnataka,Mysuru,Heggadadevankote,299730,HOSAHOLALU,676017,HOSAMALA,939277,ANTHARASANTHE KAVAL,Mysuru,Mysuru.xls,490,,,,,,,,,,,,,,unmatched
Karnataka,Mysuru,Hunsur,63048,Uyigondanahalli,590015,Hundimala,618443,Husenpuranala,Mysuru,Mysuru.xls,513,,,,,,,,,,,,,,unmatched
Karnataka,Mysuru,SARAGURU,63034,B. MATAKERE,158011,INURMARIGUDIJUNGLE,619111,AINURU MARIGUDI JANGAL,Mysuru,Mysuru.xls,532,,,,,,,,,,,,,,unmatched
Karnataka,Mysuru,SARAGURU,63034,B. MATAKERE,158026,IYANAPURA,619055,AYYANAPURA,Mysuru,Mysuru.xls,536,,,,,,,,,,,,,,unmatched
Karnataka,Mysuru,Piriyapatna,63198,Panchavlli,158863,Kathcuvinahalli Jungle,618292,Kachuvanahalli Jungle,Mysuru,Mysuru.xls,640,,,,,,,,,,,,,,unmatched
Karnataka,Mysuru,Mysuru,63109,Koorgally,158464,Koorgally,618827,Hutagalli (CT),Mysuru,Mysuru.xls,707,,,,,,,,,,,,,,unmatched
Karnataka,Mysuru,Mysuru,63118,Srirampura,664404,Lingabudipalya,618839,Lingambudi (OG),Mysuru,Mysuru.xls,765,,,,,,,,,,,,,,unmatched
Karnataka,Mysuru,Piriyapatna,63200,Muttur,158884,Lingapura Forest,618246,Lingapura Forest,Mysuru,Mysuru.xls,768,,,,,,,,,,,,,,unmatched
Karnataka,Mysuru,SARAGURU,63033,Hegganur,158004,MALLARAJAPURA,619082,Mallarajapura,Mysuru,Mysuru.xls,815,,,,,,,,,,,,,,unmatched
Karnataka,Mysuru,Nanjangud,63153,Dasanur,158635,Ramashettipura,619304,Ramasettipura,Mysuru,Mysuru.xls,987,,,,,,,,,,,,,,unmatched
Karnataka,Mysuru,Heggadadevankote,63039,N.Belthur,158059,Sundapura,619037,Sundapura,Mysuru,Mysuru.xls,1075,,,,,,,,,,,,,,unmatched
Karnataka,RAMANAGARA,Kanakapura,59962,BUDIGUPPE,142975,BOODIGUPPE,626469,Kanakapura (Rural),RAMANAGARA,RAMANAGARA.xls,116,,,,,,,,,,,,,,unmatched
Karnataka,RAMANAGARA,Kanakapura,59949,I.GOLLAHALLI,142914,DODDAKOPPA,626571,Doddakoppa,RAMANAGARA,RAMANAGARA.xls,192,,,,,,,,,,,,,,unmatched
Karnataka,RAMANAGARA,Kanakapura,59953,Bannimukkodlu,142933,IRRALAPODU,626625,Irlapodu,RAMANAGARA,RAMANAGARA.xls,331,,,,,,,,,,,,,,unmatched
Karnataka,RAMANAGARA,Channapatna,59852,THITTAMARANAHALLY,142105,KUNTHURUDODDI,626259,Chikka Maluru,RAMANAGARA,RAMANAGARA.xls,436,,,,,,,,,,,,,,unmatched
Karnataka,RAMANAGARA,Kanakapura,59978,NARAYANAPURA,143066,KUNURU,626483,Kunuru,RAMANAGARA,RAMANAGARA.xls,437,,,,,,,,,,,,,,unmatched
Karnataka,RAMANAGARA,Kanakapura,59966,SOMEDYAPANAHALLI,143007,MURKANI,626435,Murkani,RAMANAGARA,RAMANAGARA.xls,526,,,,,,,,,,,,,,unmatched
Karnataka,RAMANAGARA,Magadi,59990,MADABAL,589746,PAPASHASTRI PALYA,626034,Papasastripalya,RAMANAGARA,RAMANAGARA.xls,561,,,,,,,,,,,,,,unmatched
Karnataka,RAMANAGARA,Kanakapura,59977,T.HOSAHALLI,665293,PURADHADODDI,626385,PURADHA DODDI (MARALAWADI HOBLI),RAMANAGARA,RAMANAGARA.xls,568,,,,,,,,,,,,,,unmatched
Karnataka,RAMANAGARA,Magadi,59987,HANCHIKUPPE,607402,RANGACHARIPALYA,626033,Rangacharipalya,RAMANAGARA,RAMANAGARA.xls,578,,,,,,,,,,,,,,unmatched
Karnataka,Raichur,Devadurga,63258,RAMADURGA,696053,ANBALKHED,600663,ANBALKHED,Raichur,Raichur.xls,24,,,,,,,,,,,,,,unmatched
Karnataka,Raichur,Devadurga,328114,JALAHALLI,700916,CHAPALKI,600540,CHAPALKI,Raichur,Raichur.xls,131,,,,,,,,,,,,,,unmatched
Karnataka,Raichur,Sindhanur,63385,Jawalgera,589906,Dibbanakedi {d),601156,Dibbanakhed,Raichur,Raichur.xls,177,,,,,,,,,,,,,,unmatched
Karnataka,Raichur,Devadurga,63258,RAMADURGA,699917,DURG,600665,DURG,Raichur,Raichur.xls,190,,,,,,,,,,,,,,unmatched
Karnataka,Raichur,Devadurga,63251,Nagadadinni,159193,Earalagudda,600721,Sutardinni,Raichur,Raichur.xls,192,,,,,,,,,,,,,,unmatched
Karnataka,Raichur,Devadurga,328115,JALAHALLI,700917,HAMPERGUNDI,600548,HAMPERGUNDI,Raichur,Raichur.xls,276,,,,,,,,,,,,,,unmatched
Karnataka,Raichur,Devadurga,63271,Masarkal,700919,HIREHONKUNI,600630,HIREHONKUNI,Raichur,Raichur.xls,314,,,,,,,,,,,,,,unmatched
Karnataka,Raichur,Devadurga,63265,H. Siddapur,692039,HORAHATTI,600555,HORAHATTI,Raichur,Raichur.xls,327,,,,,,,,,,,,,,unmatched
Karnataka,Raichur,Devadurga,63258,RAMADURGA,692040,JAVGUD,600661,JAVGUD,Raichur,Raichur.xls,382,,,,,,,,,,,,,,unmatched
Karnataka,Raichur,Sindhanur,63385,Jawalgera,589904,Kanakanaikana Doddi,601150,Konganaikandoddi,Raichur,Raichur.xls,422,,,,,,,,,,,,,,unmatched
Karnataka,Raichur,Manvi,63340,Kurdi,160016,Kurdi Cros Camp,601027,Kumdhal,Raichur,Raichur.xls,476,,,,,,,,,,,,,,unmatched
Karnataka,Raichur,Devadurga,63259,Maladakal,699916,LAXMINARAYANAPURA,600669,LAXMINARAYANAPURA,Raichur,Raichur.xls,488,,,,,,,,,,,,,,unmatched
Karnataka,Raichur,Sindhanur,63385,Jawalgera,589902,Lokanaikana Doddi,601148,Locknaikandoddi,Raichur,Raichur.xls,491,,,,,,,,,,,,,,unmatched
Karnataka,Raichur,Raichur,63347,ATHKOOR,692037,MANGI GADDE,600755,MANGI GADDE,Raichur,Raichur.xls,528,,,,,,,,,,,,,,unmatched
Karnataka,Raichur,Raichur,63350,Baidoddi,700924,TAMALGHAT (D),600787,TAMALGHAT (D),Raichur,Raichur.xls,719,,,,,,,,,,,,,,unmatched
Karnataka,Raichur,Devadurga,63258,RAMADURGA,696054,TIPPAPUR,600662,TIPPAPUR,Raichur,Raichur.xls,733,,,,,,,,,,,,,,unmatched
Karnataka,Raichur,Devadurga,328116,JALAHALLI,700918,YERKAMANDODDI,600550,YERKAMANDODDI,Raichur,Raichur.xls,813,,,,,,,,,,,,,,unmatched
Karnataka,Shivamogga,Sorab,63618,Chandragutti,696311,BADADHABAILU,607520,BADADHABAILU,Shivamogga,Shivamogga.xls,95,,,,,,,,,,,,,,unmatched
Karnataka,Shivamogga,Sagar,63479,Keladi,160900,Haroguttige,925036,HAREGOPPA,Shivamogga,Shivamogga.xls,473,,,,,,,,,,,,,,unmatched
Karnataka,Shivamogga,Shikarpur,63556,Belagavi,161232,Javagatte,607712,JAVAGATTE,Shivamogga,Shivamogga.xls,648,,,,,,,,,,,,,,unmatched
Karnataka,Shivamogga,Sagar,63497,Kanle,665414,Keluve,926086,KELUVE,Shivamogga,Shivamogga.xls,788,,,,,,,,,,,,,,unmatched
Karnataka,Shivamogga,Shikarpur,63527,Harogoppa,665418,Kesarghatta(be),607845,Kesaraghatta,Shivamogga,Shivamogga.xls,807,,,,,,,,,,,,,,unmatched
Karnataka,Shivamogga,Sorab,63608,Tatturu,161500,Oddigere,925233,THATHURU VADDIGERE,Shivamogga,Shivamogga.xls,1135,,,,,,,,,,,,,,unmatched
Karnataka,Shivamogga,Sagar,63492,Bhimaneri,665389,Suranagadde,925015,SURANAGADDE,Shivamogga,Shivamogga.xls,1269,,,,,,,,,,,,,,unmatched
Karnataka,Shivamogga,Sagar,63503,Herenelluru,665402,Tattegundi,925026,TATTEGUNDI,Shivamogga,Shivamogga.xls,1292,,,,,,,,,,,,,,unmatched
Karnataka,Shivamogga,Sagar,63492,Bhimaneri,665393,TORAVAGADU,607138,Talakalale,Shivamogga,Shivamogga.xls,1346,,,,,,,,,,,,,,unmatched
Karnataka,Shivamogga,Shivamogga,63592,Umblebilu,161401,Totadakere,925200,TOTADAKERE,Shivamogga,Shivamogga.xls,1348,,,,,,,,,,,,,,unmatched
Karnataka,Shivamogga,Sorab,63595,Jade,702936,YADAGOPPA,607399,YADAGOPPA,Shivamogga,Shivamogga.xls,1399,,,,,,,,,,,,,,unmatched
Karnataka,Shivamogga,Sagar,63503,Herenelluru,665395,YALAKUNDLI,925027,YALAKUNDLI,Shivamogga,Shivamogga.xls,1408,,,,,,,,,,,,,,unmatched
Karnataka,TUMAKURU,Sira,0,0,163608,HALKURU KAVAL,610387,Halkur Kaval,TUMAKURU,TUMAKURU.xls,857,,,,,,,,,,,,,,unmatched
Karnataka,TUMAKURU,Sira,63878,Bhuvanahalli,163574,KALLUKOTE,610366,Kallukote,TUMAKURU,TUMAKURU.xls,1225,,,,,,,,,,,,,,unmatched
Karnataka,TUMAKURU,Kunigal,63767,Kithanamangala,162844,KITHNAMANGALA AMANIKERE,612611,Kithanamangala Amanikere,TUMAKURU,TUMAKURU.xls,1378,,,,,,,,,,,,,,unmatched
Karnataka,TUMAKURU,Sira,63883,HONNAGONDANAHALLI,588538,KUSUKUNTE KAVAL,610368,Kusukunte Kaval,TUMAKURU,TUMAKURU.xls,1515,,,,,,,,,,,,,,unmatched
Karnataka,TUMAKURU,Gubbi,0,0,588642,MALLASANDRA KATTE,611647,Mallasandra Katte,TUMAKURU,TUMAKURU.xls,1641,,,,,,,,,,,,,,unmatched
Karnataka,TUMAKURU,Tumakuru,63932,Malasandra,164019,MALLASANDRA VOLAGERE KAVAL,611447,Mallasandra PALYA,TUMAKURU,TUMAKURU.xls,1642,,,,,,,,,,,,,,unmatched
Karnataka,TUMAKURU,Sira,63878,Bhuvanahalli,163579,SIRA RURAL,610386,Sira (Rural),TUMAKURU,TUMAKURU.xls,2195,,,,,,,,,,,,,,unmatched
Karnataka,TUMAKURU,Kunigal,63772,HUTHRIDURGA,665779,TAREMARADAPALYA,612558,Taremaradapalya,TUMAKURU,TUMAKURU.xls,2268,,,,,,,,,,,,,,unmatched
Karnataka,Udupi,Udupi,65033,Ambalapadi,168572,Ambalapadi,608861,Ambalpady (OG),Udupi,Udupi.xls,14,,,,,,,,,,,,,,unmatched
Karnataka,Udupi,Udupi,65034,Kadekaru,168575,Kadekar,608863,Kadekar (OG),Udupi,Udupi.xls,106,,,,,,,,,,,,,,unmatched
Karnataka,Udupi,Udupi,65031,Thenkanidiyur,168570,Kelarkalabettu,608859,Kelarkalabettu (OG),Udupi,Udupi.xls,126,,,,,,,,,,,,,,unmatched
Karnataka,Udupi,Udupi,65033,Ambalapadi,168574,Kidiyoor,608862,Kidiyoor (OG),Udupi,Udupi.xls,133,,,,,,,,,,,,,,unmatched
Karnataka,Udupi,Udupi,65034,Kadekaru,168576,Kuthpadi,608864,Kuthpady (OG),Udupi,Udupi.xls,155,,,,,,,,,,,,,,unmatched
Karnataka,Uttara Kannada,DANDELI,64030,AMBIKANAGAR,164733,AMGA *,602789,Amga,Uttara Kannada,Uttara Kannada.xls,49,,,,,,,,,,,,,,unmatched
Karnataka,Uttara Kannada,Ankola,63998,Bobruwada,164600,Bobruwada,603405,Bobruwada (CT),Uttara Kannada,Uttara Kannada.xls,227,,,,,,,,,,,,,,unmatched
Karnataka,Uttara Kannada,Haliyal,64028,JANAGA,164724,CHINAGINKOP,602873,CHINAGINKOP,Uttara Kannada,Uttara Kannada.xls,268,,,,,,,,,,,,,,unmatched
Karnataka,Uttara Kannada,Karwar,64087,Chittakula,164992,Chitakula,602629,Chitakula (OG),Uttara Kannada,Uttara Kannada.xls,272,,,,,,,,,,,,,,unmatched
Karnataka,Uttara Kannada,Mundgod,64114,Pala,165139,Ingalki,603068,Ingalki,Uttara Kannada,Uttara Kannada.xls,558,,,,,,,,,,,,,,unmatched
Karnataka,Uttara Kannada,Honavar,64051,Navilgone,164859,Kakurve,603732,Kakurve,Uttara Kannada,Uttara Kannada.xls,604,,,,,,,,,,,,,,unmatched
Karnataka,Uttara Kannada,Ankola,63996,AGSUR,697070,KANCHINMALE,603344,KANCHINMALE,Uttara Kannada,Uttara Kannada.xls,652,,,,,,,,,,,,,,unmatched
Karnataka,Uttara Kannada,Ankola,64011,HATTIKERI,164658,Lakkeguli,603337,Lakkeguli,Uttara Kannada,Uttara Kannada.xls,826,,,,,,,,,,,,,,unmatched
Karnataka,Uttara Kannada,Ankola,63994,Vandige,164580,Laxmeshwar,603408,Laxmeshwar (OG),Uttara Kannada,Uttara Kannada.xls,831,,,,,,,,,,,,,,unmatched
Karnataka,Uttara Kannada,Siddapur,64127,Hasaragod,165244,Malubalgar,603581,Malubalgar,Uttara Kannada,Uttara Kannada.xls,869,,,,,,,,,,,,,,unmatched
Karnataka,Uttara Kannada,Ankola,64011,HATTIKERI,693179,NELLURKANCHINBAIL,603334,NELLURKANCHINBAIL,Uttara Kannada,Uttara Kannada.xls,994,,,,,,,,,,,,,,unmatched
Karnataka,Uttara Kannada,Ankola,63998,Bobruwada,164602,Tenkankeri,603407,Tenkankeri (OG),Uttara Kannada,Uttara Kannada.xls,1158,,,,,,,,,,,,,,unmatched
Karnataka,Uttara Kannada,Ankola,63994,Vandige,164581,Vandige,603409,Vandige (OG),Uttara Kannada,Uttara Kannada.xls,1212,,,,,,,,,,,,,,unmatched
Karnataka,VIJAYAPURA,BABALESHWAR,60946,Arjungi,146012,ARAJUNAGI,599121,Arjunagi,VIJAYAPURA,VIJAYAPURA.xls,31,,,,,,,,,,,,,,unmatched
Karnataka,VIJAYAPURA,NIDAGUNDI,299790,GANI R C,145907,BISALAKOPPA,599476,Bisalakoppa (R.C),VIJAYAPURA,VIJAYAPURA.xls,102,,,,,,,,,,,,,,unmatched
Karnataka,VIJAYAPURA,BABALESHWAR,60983,SARAWAD,701085,DADAMATTI,599114,DADAMATTI,VIJAYAPURA,VIJAYAPURA.xls,150,,,,,,,,,,,,,,unmatched
Karnataka,VIJAYAPURA,Muddebihal,61060,RAKKASAGI,146351,KAPANUR,599642,Kapanur,VIJAYAPURA,VIJAYAPURA.xls,351,,,,,,,,,,,,,,unmatched
Karnataka,VIJAYAPURA,KOLHAR,60933,RONIHAL,692353,MUTTALADINNI,599456,MUTTALADINNI,VIJAYAPURA,VIJAYAPURA.xls,475,,,,,,,,,,,,,,unmatched
Karnataka,VIJAYAPURA,BABALESHWAR,60959,HALAGANI,701084,SANGAPUR(H),599126,SANGAPUR(H),VIJAYAPURA,VIJAYAPURA.xls,538,,,,,,,,,,,,,,unmatched
Karnataka,VIJAYAPURA,Thikota,60985,Siddapur-K,146101,SIDDAPUR K,599040,Siddapura,VIJAYAPURA,VIJAYAPURA.xls,574,,,,,,,,,,,,,,unmatched
Karnataka,VIJAYAPURA,Thikota,60985,Siddapur-K,693324,SIDDAPUR K,599047,SIDDAPUR K,VIJAYAPURA,VIJAYAPURA.xls,575,,,,,,,,,,,,,,unmatched
Karnataka,Vijayanagar,HAGARIBOMMANAHALLI,60616,BACHIGUNDANAHALLI,144885,ANANDADEVANAHALLI,924266,ADAVI ANANDA DEVANAHALLI,Vijayanagar,Vijayanagar.xls,16,,,,,,,,,,,,,,unmatched
Karnataka,Vijayanagar,HAGARIBOMMANAHALLI,60621,KADLEBALU,144900,ANANDADEVANAHALLI,604660,HOSANANDEVANAHALLI,Vijayanagar,Vijayanagar.xls,17,,,,,,,,,,,,,,unmatched
Karnataka,Vijayanagar,HAGARIBOMMANAHALLI,299924,MADHURU,665636,ANEKAL THANDA,917668,ANEKALLU THANDA,Vijayanagar,Vijayanagar.xls,19,,,,,,,,,,,,,,unmatched
Karnataka,Vijayanagar,HAGARIBOMMANAHALLI,60616,BACHIGUNDANAHALLI,144888,BACHIGUNDANAHALLI 2,924267,CHILUGODU,Vijayanagar,Vijayanagar.xls,27,,,,,,,,,,,,,,unmatched
Karnataka,Vijayanagar,HAGARIBOMMANAHALLI,300092,VALLABHAPURA,144894,BALLAHUNSI,604662,Bellahunshi,Vijayanagar,Vijayanagar.xls,30,,,,,,,,,,,,,,unmatched
Karnataka,Vijayanagar,Hosapete,60624,NAGENAHALLI,671295,Basavanadurga,604709,Basavanadurga,Vijayanagar,Vijayanagar.xls,36,,,,,,,,,,,,,,unmatched
Karnataka,Vijayanagar,Hosapete,60624,NAGENAHALLI,144905,BELAGODU,604720,Belagodu,Vijayanagar,Vijayanagar.xls,38,,,,,,,,,,,,,,unmatched
Karnataka,Vijayanagar,HAGARIBOMMANAHALLI,60621,KADLEBALU,144899,KADLEBALU,926648,BYALALU,Vijayanagar,Vijayanagar.xls,156,,,,,,,,,,,,,,unmatched
Karnataka,Vijayanagar,Hosapete,60646,SEETHARAMA THANDA,144976,SEETHARAM THANDA,941959,Seetharama Thanda,Vijayanagar,Vijayanagar.xls,267,,,,,,,,,,,,,,unmatched
Karnataka,Yadgir,WADAGERA,62017,GONAL,150136,SANGAM,621220,Sangam,Yadgir,Yadgir.xls,383,,,,,,,,,,,,,,unmatched
