villageid,villagename,districtid
664142,,213
663690,S H Halli Gollarhatti,213
663693,Dasayyanahatti,213
663743,,213
663776,M G Dibba,213
0,,192
588929,,213
164677,,206
164838,,206
663906,Iyyanahalli Kurubarahatti,213
663938,Garimbilu,213
663923,Rangyanauru,213
663989,Kadambanakatte,213
663970,Erajanahatti,213
664062,Hosuru,213
664099,Myasarahatti,213
167885,,210
664064,Roppa,213
165113,Kalbhag *,206
589284,,213
165674,,206
162844,KITHNAMANGALA AMANIKERE,205
143262,CHITTANAHALLI,613
143007,MURKANI,613
0,,213
589253,,213
588925,,213
164910,,206
150050,,690
150067,,690
142933,IRRALAPODU ,613
163463,VADANAKALLU,205
150136,SANGAM,690
164992,Chitakula,206
169628,,213
143066,KUNURU,613
0,,206
143135,,613
167962,,210
665389,Suranagadde,204
665418,Kesarghatta(be),204
665395,YALAKUNDLI,204
665414,Keluve,204
665431,Kambaduru,204
665447,,204
665402,Tattegundi,204
168061,,210
665393,TORAVAGADU,204
696311,BADADHABAILU,204
665503,,204
0,,189
662242,LAXMESHWAR,189
664307,Managoan,189
661544,,189
170130,Seeneerakatte,213
664306,Wadishidlihal,189
662249,,189
0,,210
0,,208
164248,,205
164280,,205
143040,CHOODAHALLI ,613
661637,Chikkud,189
661585,,189
169202,,213
587746,,189
0,,200
169456,Kitttadahatti,213
0,,613
150328,,690
169737,Alamaradahatti,213
169837,,213
142105,KUNTHURUDODDI,613
143763,,189
143797,,189
155281,,200
142914,DODDAKOPPA ,613
143750,Halgimardi,189
143970,,189
587447,,208
145907,BISALAKOPPA,192
145921,,192
150276,,690
588433,,208
164279,,205
154912,,200
597191,,690
0,,212
155237,,200
144438,,189
169629,,213
144521,Turanur,189
150223,,690
144667,,189
597192,,690
665727,SHAKUNIPURA,193
596564,,193
608453,,193
664472,,193
594847,,193
146012,ARAJUNAGI,192
596277,,193
143973,,189
596550,KACHAPURA,193
0,,193
168753,DODDARAYAPET,212
168817,K.K HUNDI,212
155148,,200
168835,MALLAMMANAHUNDI,212
146101,SIDDAPUR K,192
169115,,213
155697,,200
155704,,200
169086,,212
169515,Garehatti,213
168509,,211
168511,,211
144580,Mattikoppa,189
168706,,212
143621,,189
168575,Kadekar,211
147653,,193
169710,Chinnaiahnahatti,213
143624,,189
168602,,211
168873,,212
168510,,211
143803,,189
168872,,212
168991,,212
168998,,212
143726,Kolikoppa,189
169099,ULLAVARTHI KAVAL,213
143758,,189
168908,,212
169106,,213
143734,,189
156304,,200
169133,,213
145945,,192
168576,Kuthpadi,211
168967,,212
144321,,189
168997,,212
147430,HEBBE,193
155510,,200
169273,,213
169008,,212
169835,,213
143625,,189
164019,MALLASANDRA VOLAGERE KAVAL,205
156302,,200
145950,,192
169020,,212
145968,,192
147737,BARIMALE ESTATE,193
168689,,212
146143,,192
144447,,189
144201,Hebbanatti,189
168727,,212
143808,,189
168775,,212
168782,,212
169627,,213
170103,,213
156282,,200
168744,,212
143974,,189
162035,,205
0,,198
168876,,212
168912,KURUBARAHUNDI,212
169000,,212
168600,,211
144652,,189
168599,,211
168574,Kidiyoor,211
168572,Ambalapadi,211
168415,,211
144444,,189
169044,,212
147442,,193
156198,,200
168724,,212
153638,Chinnakote,200
168824,,212
151089,,198
151271,,198
168992,PONNACHI,212
169024,,212
144460,,189
144609,Gaddikaravinakoppa,189
168770,,212
153639,Kathihalli,200
153641,DEVAGANAHALLI,200
146950,,193
168570,Kelarkalabettu,211
168601,,211
157872,,202
153227,,198
0,,211
158004,MALLARAJAPURA,202
0,,201
168762,,212
168826,RANGANATHAPURA,212
151200,,198
169009,,212
169011,,212
169026,,212
0,,207
168630,,212
151593,,198
168656,,212
589704,,212
157536,,201
589701,,212
589703,,212
589700,,212
636936,RANGUPURA,212
589696,,212
652731,DHADADHAHALLI,212
589697,,212
157590,,201
157640,,201
637640,,212
156311,,200
664751,,212
664576,GOPALAPURA,212
158757,Gobbalikaval,202
665160,,212
664605,,212
664802,,212
665647,,212
664746,,212
664810,,212
665157,,212
693318,RANGASANDRA,212
702835,YDIYOORU,212
693319,CIKKEMPIHUNDI,212
702834,SARAGURMOLE,212
664652,,212
156768,,201
152772,Chikkakondagola,198
0,,202
153065,,198
157035,,201
157036,,201
146654,CHIKKA KALASAPURA,193
589617,,200
153272,,198
589518,,200
589622,,200
589618,,200
589721,,200
589573,,200
589711,,200
589718,,200
589761,,200
589619,,200
589726,,200
589760,,200
589609,,200
589620,,200
153110,,198
589559,,200
589608,,200
589615,,200
589713,,200
589732,Ganeshpur,200
164283,,205
153010,,198
589734,,200
166147,,207
589788,Bangaranatha,200
589582,,200
589723,,200
589744,,200
589712,,200
589714,,200
589731,,200
589780,,200
589612,,200
589614,,200
166401,,207
664240,,200
152474,Kattaya Kaval,198
157355,,201
157810,,202
0,,197
157942,HALEMANCHAHALLI,202
662318,,197
637499,,197
637324,bhankur,197
662333,Seribhiknalli,197
166266,,207
147006,,193
165996,,207
165980,,207
165907,,207
166148,,207
158635,Ramashettipura,202
157805,K.r. Sagara,201
151988,,198
146570,,193
151824,,198
151605,,198
157350,,201
151437,MARATAGERE,198
159012,Halavara Mata,202
149693,,197
150988,,198
151002,,198
147043,,193
157985,CHIKKAKUNDURU,202
157467,,201
158026,IYANAPURA,202
151352,,198
157986,,202
147058,,193
149627,,197
158011,INURMARIGUDIJUNGLE,202
149809,Hanchinal,197
146569,,193
0,,205
158251,,202
158061,Gundathur,202
156751,Chamikoppalu,201
166001,,207
162033,,205
158799,Bettadakaval,202
162034,,205
158865,,202
157031,Anche Doddi,201
158884,Lingapura Forest,202
156972,,201
166205,,207
151828,,198
151245,,198
153108,,198
152526,Ramadadevara Kaval,198
156773,Ganjigerekoppalu,201
158229,,202
158853,,202
149867,,197
157466,,201
158554,,202
158874,Anechowkuru,202
158974,,202
157838,,202
157856,,202
157905,,202
157906,,202
158059,Sundapura,202
150930,,198
157583,,201
149583,,197
0,,195
156700,,201
149535,,197
157631,,201
151392,,198
158863,Kathcuvinahalli Jungle,202
148735,,195
156947,,201
159063,,202
0,,203
152120,,198
157930,,202
152220,,198
156711,Neethimangala,201
159193,Earalagudda,203
159786,,203
148816,Kemminje,195
151857,,198
159901,,203
160001,,203
160018,,203
148495,,195
157479,,201
150780,,198
160466,,203
157628,,201
152422,,198
382875,Baghaichhera,698
595383,Shettynayakana Koppalu,201
595374,,201
153066,,198
651888,,201
159066,,202
157814,,202
651886,,201
148758,Chelairu,195
159490,,203
159772,,203
159822,,203
159489,,203
150597,,198
159691,,203
158163,,202
159730,,203
159798,,203
159823,,203
159825,,203
159934,,203
159991,,203
160025,,203
159333,,203
153128,,198
157828,,202
152517,,198
153262,,198
152266,,198
159997,,203
160015,,203
159065,,202
159509,,203
159090,,202
160301,,203
590015,Hundimala,202
159728,,203
159778,,203
590012,,202
159859,,203
664413,Chamundibetta,202
676017,HOSAMALA,202
664411,Sathagalli,202
159913,,203
159927,,203
159928,,203
664401,Hinkal,202
160063,,203
148738,KUTTETHURU,195
160007,,203
160014,,203
160039,,203
160041,,203
159916,,203
159950,,203
159582,,203
587769,NEERUMARGA,195
153062,,198
674495,PADUSHEDDE,195
159931,,203
159949,,203
153081,,198
160017,,203
153131,,198
160385,,203
152032,,198
152049,,198
153156,,198
159663,,203
159688,,203
159824,,203
151769,,198
159738,,203
159394,,203
159662,,203
159729,,203
159779,,203
159929,,203
159961,,203
159993,,203
152739,Karle Kaval,198
159246,,203
588764,,203
588775,,203
589929,,203
589904,,203
589911,,203
589908,,203
589925,,203
589928,,203
589917,,203
589919,,203
589913,,203
589915,,203
589930,,203
589932,,203
589906,Dibbanakedi {d),203
589923,,203
589902,Lokanaikana Doddi,203
589920,,203
589927,,203
588763,,203
588780,,203
589924,,203
613808,,203
589914,,203
589931,,203
589933,,203
699917,DURG,203
700917,HAMPERGUNDI,203
700924,TAMALGHAT (D),203
696053,ANBALKHED,203
699916,LAXMINARAYANAPURA,203
700918,YERKAMANDODDI,203
692037,MANGI GADDE,203
692040,JAVGUD,203
700923,JOGALDINNI,203
700916,CHAPALKI,203
159936,,203
160353,,203
160470,,203
664359,Parakanatti,189
153139,,198
151240,,198
151265,,198
151308,,198
153200,,198
152031,,198
152033,,198
152265,,198
153118,,198
153201,,198
153235,,198
589400,,198
589396,,198
589440,,198
588819,,198
589402,,198
589427,Srirampura,198
661883,,199
661841,,199
661894,BEERUGA,199
661828,GUDDEHOSURU,199
661862,CHIKKA ALUVARA,199
661864,SIDDALINGAPURA,199
661869,AMBATTI,199
661768,P PERAJE,199
637393,,199
661842,,199
637170,,199
589333,,199
589340,,199
144885,ANANDADEVANAHALLI,822
153385,Sanivarsanthe,199
144900,ANANDADEVANAHALLI,822
0,,190
153589,,199
0,,199
153558,,199
144905,BELAGODU,822
145106,Jodikasanayakanahalli,190
665636,ANEKAL THANDA,822
665619,Huchenahalli,190
671295,Basavanadurga,822
0,,612
0,,209
0,,188
0,,204
0,,187
147894,,194
147947,,194
147979,,194
147980,,194
154163,,612
148129,,194
148479,Subbarayappanapalya,194
0,,194
154578,,612
142225,,188
144904,,190
147974,,194
154796,,612
147981,,194
144906,,190
148049,,194
148074,,194
142391,,188
148099,,194
148131,,194
145122,,190
148217,,194
148242,,194
148442,Kannur,194
142727,,188
142834,,188
147865,,194
147915,Hennagara Amanikere,194
147976,,194
142763,,188
154558,,612
142388,,188
142390,,188
148033,,194
148101,,194
148126,,194
142473,,188
148233,,194
148240,,194
154719,,612
143338,,188
167036,,209
147895,,194
147896,,194
144714,,190
143331,,188
147977,,194
147978,,194
148451,Doddagubbi,194
144724,,190
143449,,188
143450,,188
144950,,190
0,,196
154059,,612
142276,,188
154191,,612
147975,,194
147982,,194
148009,,194
142383,,188
144957,,190
148073,,194
148075,,194
142669,,188
166983,,209
148241,,194
148441,Chikka Gubbi,194
147934,,194
142209,DINNURU ,188
154067,,612
143330,,188
166984,,209
142385,,188
148066,,194
148068,,194
142392,,188
148098,,194
148100,,194
148125,,194
154497,,612
148268,Dodda Thogur,194
148325,,194
142382,,188
142384,,188
142386,,188
142411,DARGAJOGIHALLI ,188
147935,,194
147937,,194
148071,,194
148103,,194
148120,,194
148122,,194
141504,HIREMURAMATTI,187
143519,,188
141511,,187
661710,,206
661708,,206
154374,,612
589387,,206
661709,,206
144893,,190
164733,AMGA *,206
164782,,206
164848,,206
141546,,187
142387,,188
142389,,188
148454,,194
147936,,194
147987,,194
148002,,194
148072,,194
154104,,612
148102,,194
148104,,194
148119,,194
154187,,612
142840,,188
165403,,206
148238,,194
143371,,188
143446,,188
588481,,194
588490,,194
143448,,188
143451,,188
143454,,188
143488,,188
154521,,612
588468,,194
588474,,194
588469,,194
588471,,194
588477,,194
588480,,194
661713,,194
661714,,194
665183,Bande Hosur,194
145196,,190
665344,,194
665408,,194
0,,191
693389,VITHALPUR,191
665016,Kasartugaon Wadi,191
664875,JAFARWADI,191
664831,Hallikhed(k) Wadi,191
588400,,188
154721,GANDAMNAGENAHAIIY,612
595076,Methi Melkunda Wadi,191
588457,Hajjargi,191
166656,Aregoppa.,209
141609,,187
588422,,188
141630,,187
665209,RAJAKSABPALYA,194
665249,YADIYOORU,194
154592,,612
141655,,187
588402,,188
665299,,194
665335,,194
665438,,194
665470,Kodigehalli Harijana Colony,194
665374,,194
665392,Parvathaiahana Palya,194
665410,,194
665474,Gangadipura,194
665567,Karekalpalya,194
588721,,188
588421,,188
588714,,188
594616,CHIKKAMARALLI,188
594621,,188
665750,,188
639117,,210
664230,Taralabalunagara,210
595950,Tyavanige Thanda,210
586895,,210
586844,,210
586894,,210
586886,,210
665296,,194
665331,,194
665396,,194
586915,,210
586888,,210
586890,,210
586840,,210
586893,,210
586853,,210
155804,,612
155806,,612
141893,Heggur Rc,187
141923,,187
665581,Shikaripalya,194
665227,Pattareddipalya,194
665211,Pylvanarapalya,194
141986,,187
665259,,194
665300,,194
665302,Chikkagollarahatti,194
161401,Totadakere,204
166854,,209
665247,,194
154810,,612
665362,,194
665380,Pitaganapalya,194
665334,,194
665469,Chikkakodige Halli,194
155906,,612
665269,Hosapalya,194
665288,Doddapalya,194
665471,Kannahalli Hosahalli,194
665556,Byrasandra,194
665639,Nagegowdanapalya,194
703119,KUMBALAGODU,194
665779,TAREMARADAPALYA,205
588555,,205
586781,,210
588561,,205
586896,,210
586899,,210
588505,,205
588538,KUSUKUNTE KAVAL,205
155969,,612
586138,,205
588389,,205
165061,Hegde,206
162036,,205
168111,,210
637192,,209
645720,HADE,209
652273,,209
639057,,209
652948,,209
701084,SANGAPUR(H),192
701085,DADAMATTI,192
693324,SIDDAPUR K,192
692353,MUTTALADINNI,192
167981,NARAGINAKERE,210
164728,JAMAGA *,206
145836,,191
146347,,192
141990,,187
156142,,612
146351,KAPANUR,192
161232,Javagatte,204
165103,,206
154116,,612
141847,,187
154575,,612
141749,Mamatageri,187
168015,Didagur,210
141739,,187
161500,Oddigere,204
146419,,192
142035,,187
141916,,187
588589,Lingapur Sr Rc,187
164658,Lakkeguli,206
664440,,187
664436,,187
664356,,187
664424,,187
664441,,187
664350,Chikkahanchinal Puk,187
665293,PURADHADODDI,613
607417,,613
146099,,192
589746,PAPASHASTRI PALYA,613
604355,,613
588697,,613
154135,,612
588623,,613
588667,,613
154520,,612
154556,,612
167964,,210
154654,,612
154788,,612
164581,Vandige,206
146382,,192
164600,Bobruwada,206
163574,KALLUKOTE,205
588712,,613
588613,,613
588666,,613
588698,,613
588709,,613
154354,,612
588710,,613
588463,,612
588375,,612
589058,,612
589060,,612
588357,,612
588732,,612
164798,,206
588735,,612
588736,,612
594765,,612
594772,,612
164580,Laxmeshwar,206
589070,,612
164678,,206
588726,,612
589059,,612
588733,,612
607402,RANGACHARIPALYA,613
588734,,612
644673,,612
626118,,612
664522,,612
146142,,192
664926,,612
664989,CHITTAVALAHALLI,612
665070,,612
664995,DEVARAKODAHHALLI,612
664864,MUSTURUPATNA,612
0,,690
664992,,612
665042,,612
664984,DIGAVAKOTE,612
664878,,612
664553,,612
664870,,612
664513,GARUDACHARLAHALLY,612
665077,,612
665131,,612
665075,MIDDILU,612
167522,Akali Katte,210
665134,VANTURU,612
664535,THEELAKUNTAHALLY,612
665088,,612
665620,CHANNABYRENAHALLY,612
696751,OBANNANAHALLI KAVAL,213
664103,B.hanumanagudda,213
588621,,613
588668,,613
664157,,213
664330,PANJAIAHNAHATTI,213
663735,,213
663818,KAMBHATHANAHALLI,213
663901,Bilichittyanahatti,213
663933,Ajadnagara,213
663984,Bangarakkanahalli,213
663986,Bogalerahatti,213
663878,Hunasekatti Gollarahatti,213
664379,Hirekattegere Gollarahatti,213
664102,B Hanumapura,213
588622,,613
150066,,690
663748,,213
589899,,213
663993,HULLEHAL GOLLARAHATTI,213
663732,Doddignahal Hosahatti,213
663965,MUDDAPURA MYASARAHATTY,213
663751,,213
663766,,213
663936,H S PALYA,213
663972,Hidayathpura,213
664029,Hanumapura S,213
664129,,213
663797,Akkithimmayanahatti,213
663510,Kambadevarahatta,213
663742,,213
663810,Galirangyanahatti,213
164577,Shirkuli,206
663991,T.Upparatti,213
164602,Tenkankeri,206
664027,,213
664077,Kelagalahatti,213
